DZcode,IMD_population
S01006506,894
S01006507,793
S01006508,624
S01006509,537
S01006510,663
S01006511,759
S01006512,539
S01006513,788
S01006514,1123
S01006515,816
S01006516,629
S01006517,1052
S01006518,664
S01006519,941
S01006520,875
S01006521,793
S01006522,675
S01006523,957
S01006524,1056
S01006525,904
S01006526,924
S01006527,756
S01006528,1154
S01006529,932
S01006530,785
S01006531,946
S01006532,793
S01006533,717
S01006534,956
S01006535,1046
S01006536,1003
S01006537,920
S01006538,548
S01006539,781
S01006540,933
S01006541,864
S01006542,1131
S01006543,792
S01006544,1283
S01006545,1120
S01006546,624
S01006547,1242
S01006548,658
S01006549,796
S01006550,900
S01006551,704
S01006552,884
S01006553,903
S01006554,777
S01006555,732
S01006556,804
S01006557,679
S01006558,596
S01006559,601
S01006560,1018
S01006561,728
S01006562,972
S01006563,677
S01006564,1007
S01006565,1000
S01006566,761
S01006567,744
S01006568,921
S01006569,561
S01006570,739
S01006571,911
S01006572,957
S01006573,790
S01006574,1017
S01006575,981
S01006576,730
S01006577,814
S01006578,1105
S01006579,1048
S01006580,724
S01006581,949
S01006582,820
S01006583,695
S01006584,612
S01006585,831
S01006586,1049
S01006587,571
S01006588,626
S01006589,680
S01006590,801
S01006591,744
S01006592,742
S01006593,837
S01006594,534
S01006595,956
S01006596,784
S01006597,530
S01006598,1017
S01006599,812
S01006600,1238
S01006601,1038
S01006602,896
S01006603,803
S01006604,653
S01006605,781
S01006606,794
S01006607,919
S01006608,1653
S01006609,1054
S01006610,431
S01006611,906
S01006612,858
S01006613,591
S01006614,669
S01006615,838
S01006616,747
S01006617,635
S01006618,474
S01006619,869
S01006620,786
S01006621,504
S01006622,663
S01006623,719
S01006624,771
S01006625,621
S01006626,683
S01006627,818
S01006628,1055
S01006629,872
S01006630,652
S01006631,1047
S01006632,826
S01006633,660
S01006634,624
S01006635,627
S01006636,798
S01006637,772
S01006638,779
S01006639,924
S01006640,822
S01006641,1044
S01006642,1299
S01006643,698
S01006644,1139
S01006645,688
S01006646,861
S01006647,625
S01006648,1751
S01006649,954
S01006650,801
S01006651,677
S01006652,744
S01006653,545
S01006654,877
S01006655,809
S01006656,980
S01006657,525
S01006658,1204
S01006659,603
S01006660,505
S01006661,592
S01006662,893
S01006663,568
S01006664,578
S01006665,773
S01006666,1001
S01006667,750
S01006668,902
S01006669,965
S01006670,857
S01006671,2029
S01006672,801
S01006673,862
S01006674,913
S01006675,915
S01006676,734
S01006677,724
S01006678,1690
S01006679,614
S01006680,891
S01006681,773
S01006682,940
S01006683,930
S01006684,703
S01006685,671
S01006686,593
S01006687,735
S01006688,915
S01006689,931
S01006690,583
S01006691,623
S01006692,754
S01006693,960
S01006694,896
S01006695,732
S01006696,804
S01006697,917
S01006698,783
S01006699,500
S01006700,833
S01006701,672
S01006702,780
S01006703,658
S01006704,552
S01006705,754
S01006706,608
S01006707,693
S01006708,792
S01006709,913
S01006710,811
S01006711,943
S01006712,505
S01006713,950
S01006714,731
S01006715,610
S01006716,594
S01006717,967
S01006718,603
S01006719,898
S01006720,568
S01006721,942
S01006722,692
S01006723,654
S01006724,987
S01006725,651
S01006726,877
S01006727,1083
S01006728,765
S01006729,874
S01006730,766
S01006731,534
S01006732,1089
S01006733,955
S01006734,996
S01006735,578
S01006736,1126
S01006737,905
S01006738,909
S01006739,1226
S01006740,766
S01006741,659
S01006742,460
S01006743,728
S01006744,638
S01006745,847
S01006746,832
S01006747,1029
S01006748,1193
S01006749,883
S01006750,672
S01006751,476
S01006752,709
S01006753,868
S01006754,841
S01006755,812
S01006756,774
S01006757,920
S01006758,663
S01006759,592
S01006760,439
S01006761,674
S01006762,1061
S01006763,840
S01006764,708
S01006765,536
S01006766,593
S01006767,654
S01006768,620
S01006769,922
S01006770,593
S01006771,435
S01006772,852
S01006773,875
S01006774,603
S01006775,717
S01006776,513
S01006777,650
S01006778,597
S01006779,589
S01006780,566
S01006781,674
S01006782,795
S01006783,613
S01006784,580
S01006785,576
S01006786,801
S01006787,626
S01006788,1537
S01006789,562
S01006790,894
S01006791,570
S01006792,444
S01006793,600
S01006794,564
S01006795,770
S01006796,890
S01006797,666
S01006798,660
S01006799,907
S01006800,868
S01006801,991
S01006802,754
S01006803,645
S01006804,778
S01006805,1153
S01006806,1032
S01006807,588
S01006808,695
S01006809,888
S01006810,876
S01006811,1157
S01006812,893
S01006813,845
S01006814,767
S01006815,599
S01006816,762
S01006817,760
S01006818,763
S01006819,895
S01006820,408
S01006821,1389
S01006822,939
S01006823,717
S01006824,798
S01006825,750
S01006826,890
S01006827,907
S01006828,840
S01006829,426
S01006830,757
S01006831,503
S01006832,982
S01006833,472
S01006834,495
S01006835,765
S01006836,535
S01006837,569
S01006838,591
S01006839,990
S01006840,1108
S01006841,872
S01006842,753
S01006843,803
S01006844,597
S01006845,895
S01006846,532
S01006847,714
S01006848,1625
S01006849,1988
S01006850,911
S01006851,773
S01006852,582
S01006853,929
S01006854,843
S01006855,796
S01006856,715
S01006857,1214
S01006858,611
S01006859,981
S01006860,569
S01006861,634
S01006862,675
S01006863,656
S01006864,590
S01006865,971
S01006866,511
S01006867,706
S01006868,821
S01006869,498
S01006870,476
S01006871,725
S01006872,918
S01006873,1068
S01006874,598
S01006875,710
S01006876,959
S01006877,920
S01006878,741
S01006879,748
S01006880,700
S01006881,556
S01006882,392
S01006883,466
S01006884,835
S01006885,879
S01006886,895
S01006887,669
S01006888,811
S01006889,794
S01006890,618
S01006891,1032
S01006892,584
S01006893,526
S01006894,958
S01006895,561
S01006896,790
S01006897,691
S01006898,813
S01006899,598
S01006900,541
S01006901,518
S01006902,643
S01006903,779
S01006904,769
S01006905,851
S01006906,777
S01006907,712
S01006908,807
S01006909,1218
S01006910,941
S01006911,811
S01006912,617
S01006913,1209
S01006914,720
S01006915,849
S01006916,576
S01006917,1094
S01006918,493
S01006919,448
S01006920,464
S01006921,817
S01006922,685
S01006923,805
S01006924,567
S01006925,461
S01006926,766
S01006927,1160
S01006928,1030
S01006929,829
S01006930,854
S01006931,395
S01006932,1340
S01006933,532
S01006934,1093
S01006935,690
S01006936,570
S01006937,669
S01006938,502
S01006939,589
S01006940,868
S01006941,627
S01006942,1003
S01006943,666
S01006944,1213
S01006945,460
S01006946,743
S01006947,849
S01006948,853
S01006949,726
S01006950,630
S01006951,429
S01006952,813
S01006953,791
S01006954,820
S01006955,610
S01006956,1116
S01006957,1116
S01006958,1270
S01006959,698
S01006960,1014
S01006961,974
S01006962,842
S01006963,635
S01006964,660
S01006965,500
S01006966,558
S01006967,604
S01006968,474
S01006969,841
S01006970,636
S01006971,480
S01006972,639
S01006973,638
S01006974,1015
S01006975,994
S01006976,453
S01006977,807
S01006978,914
S01006979,968
S01006980,894
S01006981,751
S01006982,875
S01006983,750
S01006984,874
S01006985,929
S01006986,676
S01006987,693
S01006988,653
S01006989,1091
S01006990,1020
S01006991,426
S01006992,596
S01006993,562
S01006994,568
S01006995,906
S01006996,870
S01006997,862
S01006998,1300
S01006999,827
S01007000,990
S01007001,1062
S01007002,741
S01007003,557
S01007004,772
S01007005,888
S01007006,896
S01007007,799
S01007008,1024
S01007009,1047
S01007010,775
S01007011,803
S01007012,682
S01007013,561
S01007014,1069
S01007015,668
S01007016,560
S01007017,948
S01007018,947
S01007019,674
S01007020,714
S01007021,800
S01007022,525
S01007023,456
S01007024,1001
S01007025,854
S01007026,902
S01007027,1025
S01007028,867
S01007029,530
S01007030,755
S01007031,633
S01007032,982
S01007033,718
S01007034,603
S01007035,814
S01007036,962
S01007037,925
S01007038,686
S01007039,983
S01007040,602
S01007041,711
S01007042,744
S01007043,1013
S01007044,570
S01007045,800
S01007046,573
S01007047,647
S01007048,850
S01007049,958
S01007050,610
S01007051,797
S01007052,819
S01007053,552
S01007054,1009
S01007055,587
S01007056,666
S01007057,480
S01007058,579
S01007059,1007
S01007060,573
S01007061,898
S01007062,668
S01007063,696
S01007064,847
S01007065,537
S01007066,640
S01007067,501
S01007068,742
S01007069,797
S01007070,476
S01007071,807
S01007072,621
S01007073,1187
S01007074,721
S01007075,676
S01007076,709
S01007077,625
S01007078,809
S01007079,957
S01007080,746
S01007081,933
S01007082,500
S01007083,933
S01007084,635
S01007085,750
S01007086,1181
S01007087,828
S01007088,523
S01007089,518
S01007090,494
S01007091,846
S01007092,557
S01007093,993
S01007094,843
S01007095,551
S01007096,943
S01007097,1365
S01007098,1112
S01007099,895
S01007100,736
S01007101,872
S01007102,695
S01007103,817
S01007104,513
S01007105,507
S01007106,715
S01007107,787
S01007108,733
S01007109,844
S01007110,829
S01007111,475
S01007112,533
S01007113,545
S01007114,845
S01007115,711
S01007116,1103
S01007117,434
S01007118,625
S01007119,726
S01007120,999
S01007121,556
S01007122,566
S01007123,680
S01007124,858
S01007125,834
S01007126,933
S01007127,978
S01007128,822
S01007129,945
S01007130,556
S01007131,779
S01007132,696
S01007133,664
S01007134,746
S01007135,549
S01007136,591
S01007137,772
S01007138,609
S01007139,795
S01007140,1146
S01007141,691
S01007142,665
S01007143,699
S01007144,873
S01007145,863
S01007146,743
S01007147,679
S01007148,514
S01007149,536
S01007150,741
S01007151,944
S01007152,555
S01007153,634
S01007154,749
S01007155,603
S01007156,723
S01007157,570
S01007158,894
S01007159,967
S01007160,857
S01007161,758
S01007162,556
S01007163,906
S01007164,569
S01007165,884
S01007166,663
S01007167,786
S01007168,877
S01007169,729
S01007170,648
S01007171,1062
S01007172,1070
S01007173,857
S01007174,946
S01007175,634
S01007176,633
S01007177,620
S01007178,1025
S01007179,913
S01007180,728
S01007181,827
S01007182,986
S01007183,1078
S01007184,999
S01007185,876
S01007186,600
S01007187,841
S01007188,553
S01007189,864
S01007190,837
S01007191,554
S01007192,808
S01007193,736
S01007194,604
S01007195,556
S01007196,997
S01007197,567
S01007198,529
S01007199,794
S01007200,811
S01007201,698
S01007202,693
S01007203,581
S01007204,941
S01007205,708
S01007206,411
S01007207,821
S01007208,982
S01007209,739
S01007210,706
S01007211,963
S01007212,529
S01007213,898
S01007214,729
S01007215,686
S01007216,809
S01007217,921
S01007218,855
S01007219,806
S01007220,637
S01007221,1020
S01007222,785
S01007223,526
S01007224,625
S01007225,870
S01007226,844
S01007227,996
S01007228,575
S01007229,1055
S01007230,754
S01007231,718
S01007232,669
S01007233,744
S01007234,620
S01007235,710
S01007236,645
S01007237,705
S01007238,825
S01007239,980
S01007240,551
S01007241,630
S01007242,1013
S01007243,662
S01007244,672
S01007245,652
S01007246,554
S01007247,688
S01007248,718
S01007249,439
S01007250,749
S01007251,509
S01007252,695
S01007253,1286
S01007254,799
S01007255,792
S01007256,809
S01007257,632
S01007258,851
S01007259,868
S01007260,859
S01007261,725
S01007262,710
S01007263,724
S01007264,745
S01007265,1122
S01007266,649
S01007267,565
S01007268,577
S01007269,496
S01007270,594
S01007271,968
S01007272,821
S01007273,660
S01007274,747
S01007275,612
S01007276,954
S01007277,760
S01007278,509
S01007279,591
S01007280,559
S01007281,879
S01007282,518
S01007283,959
S01007284,795
S01007285,849
S01007286,1032
S01007287,615
S01007288,544
S01007289,733
S01007290,1028
S01007291,653
S01007292,763
S01007293,747
S01007294,852
S01007295,477
S01007296,544
S01007297,849
S01007298,529
S01007299,829
S01007300,503
S01007301,941
S01007302,608
S01007303,989
S01007304,677
S01007305,751
S01007306,752
S01007307,880
S01007308,727
S01007309,695
S01007310,815
S01007311,801
S01007312,745
S01007313,932
S01007314,595
S01007315,886
S01007316,766
S01007317,735
S01007318,580
S01007319,692
S01007320,752
S01007321,556
S01007322,705
S01007323,412
S01007324,360
S01007325,774
S01007326,788
S01007327,654
S01007328,762
S01007329,677
S01007330,713
S01007331,981
S01007332,487
S01007333,771
S01007334,651
S01007335,704
S01007336,519
S01007337,583
S01007338,769
S01007339,646
S01007340,481
S01007341,663
S01007342,764
S01007343,614
S01007344,443
S01007345,523
S01007346,548
S01007347,551
S01007348,525
S01007349,479
S01007350,553
S01007351,656
S01007352,526
S01007353,672
S01007354,795
S01007355,892
S01007356,647
S01007357,732
S01007358,900
S01007359,812
S01007360,565
S01007361,1022
S01007362,724
S01007363,681
S01007364,800
S01007365,444
S01007366,451
S01007367,555
S01007368,561
S01007369,693
S01007370,657
S01007371,605
S01007372,839
S01007373,506
S01007374,547
S01007375,439
S01007376,839
S01007377,640
S01007378,2804
S01007379,472
S01007380,578
S01007381,584
S01007382,642
S01007383,729
S01007384,713
S01007385,777
S01007386,749
S01007387,692
S01007388,652
S01007389,564
S01007390,539
S01007391,534
S01007392,480
S01007393,830
S01007394,652
S01007395,722
S01007396,733
S01007397,893
S01007398,638
S01007399,618
S01007400,685
S01007401,642
S01007402,567
S01007403,808
S01007404,426
S01007405,695
S01007406,643
S01007407,732
S01007408,500
S01007409,694
S01007410,688
S01007411,893
S01007412,461
S01007413,881
S01007414,711
S01007415,874
S01007416,553
S01007417,1001
S01007418,646
S01007419,913
S01007420,1393
S01007421,707
S01007422,624
S01007423,820
S01007424,723
S01007425,805
S01007426,695
S01007427,615
S01007428,819
S01007429,703
S01007430,419
S01007431,509
S01007432,850
S01007433,905
S01007434,477
S01007435,653
S01007436,666
S01007437,417
S01007438,617
S01007439,690
S01007440,646
S01007441,494
S01007442,471
S01007443,924
S01007444,968
S01007445,634
S01007446,583
S01007447,525
S01007448,842
S01007449,933
S01007450,751
S01007451,591
S01007452,778
S01007453,938
S01007454,502
S01007455,909
S01007456,919
S01007457,1040
S01007458,505
S01007459,574
S01007460,769
S01007461,662
S01007462,721
S01007463,904
S01007464,644
S01007465,746
S01007466,937
S01007467,1025
S01007468,666
S01007469,563
S01007470,719
S01007471,465
S01007472,560
S01007473,402
S01007474,474
S01007475,850
S01007476,706
S01007477,489
S01007478,868
S01007479,583
S01007480,748
S01007481,810
S01007482,447
S01007483,774
S01007484,524
S01007485,452
S01007486,790
S01007487,845
S01007488,963
S01007489,822
S01007490,911
S01007491,1165
S01007492,633
S01007493,718
S01007494,515
S01007495,782
S01007496,1012
S01007497,592
S01007498,751
S01007499,839
S01007500,546
S01007501,699
S01007502,493
S01007503,1004
S01007504,653
S01007505,421
S01007506,552
S01007507,887
S01007508,665
S01007509,571
S01007510,966
S01007511,778
S01007512,474
S01007513,964
S01007514,493
S01007515,658
S01007516,610
S01007517,477
S01007518,824
S01007519,420
S01007520,978
S01007521,523
S01007522,955
S01007523,570
S01007524,932
S01007525,630
S01007526,743
S01007527,847
S01007528,698
S01007529,643
S01007530,542
S01007531,750
S01007532,543
S01007533,554
S01007534,899
S01007535,1022
S01007536,931
S01007537,1020
S01007538,946
S01007539,693
S01007540,871
S01007541,790
S01007542,838
S01007543,964
S01007544,1007
S01007545,823
S01007546,573
S01007547,544
S01007548,704
S01007549,694
S01007550,953
S01007551,874
S01007552,835
S01007553,782
S01007554,429
S01007555,524
S01007556,508
S01007557,1075
S01007558,453
S01007559,667
S01007560,931
S01007561,727
S01007562,814
S01007563,865
S01007564,719
S01007565,1017
S01007566,742
S01007567,574
S01007568,630
S01007569,788
S01007570,913
S01007571,521
S01007572,1178
S01007573,934
S01007574,963
S01007575,837
S01007576,693
S01007577,730
S01007578,667
S01007579,626
S01007580,792
S01007581,480
S01007582,630
S01007583,925
S01007584,593
S01007585,892
S01007586,771
S01007587,763
S01007588,857
S01007589,714
S01007590,684
S01007591,565
S01007592,719
S01007593,1072
S01007594,773
S01007595,1021
S01007596,478
S01007597,619
S01007598,612
S01007599,859
S01007600,1042
S01007601,575
S01007602,616
S01007603,735
S01007604,820
S01007605,769
S01007606,620
S01007607,633
S01007608,751
S01007609,881
S01007610,532
S01007611,893
S01007612,964
S01007613,720
S01007614,945
S01007615,1079
S01007616,678
S01007617,518
S01007618,619
S01007619,653
S01007620,564
S01007621,590
S01007622,565
S01007623,555
S01007624,637
S01007625,499
S01007626,602
S01007627,1477
S01007628,690
S01007629,684
S01007630,841
S01007631,615
S01007632,961
S01007633,1015
S01007634,701
S01007635,718
S01007636,873
S01007637,907
S01007638,776
S01007639,974
S01007640,754
S01007641,809
S01007642,768
S01007643,907
S01007644,776
S01007645,523
S01007646,598
S01007647,666
S01007648,849
S01007649,735
S01007650,916
S01007651,576
S01007652,607
S01007653,832
S01007654,1106
S01007655,794
S01007656,748
S01007657,438
S01007658,508
S01007659,823
S01007660,818
S01007661,597
S01007662,868
S01007663,831
S01007664,570
S01007665,653
S01007666,491
S01007667,756
S01007668,1078
S01007669,635
S01007670,685
S01007671,717
S01007672,852
S01007673,673
S01007674,757
S01007675,664
S01007676,676
S01007677,479
S01007678,741
S01007679,823
S01007680,894
S01007681,407
S01007682,877
S01007683,713
S01007684,758
S01007685,871
S01007686,681
S01007687,839
S01007688,994
S01007689,612
S01007690,879
S01007691,2856
S01007692,847
S01007693,1039
S01007694,1004
S01007695,1050
S01007696,776
S01007697,981
S01007698,1075
S01007699,819
S01007700,971
S01007701,534
S01007702,1016
S01007703,815
S01007704,935
S01007705,793
S01007706,867
S01007707,1057
S01007708,658
S01007709,614
S01007710,933
S01007711,1075
S01007712,708
S01007713,435
S01007714,638
S01007715,521
S01007716,1062
S01007717,778
S01007718,719
S01007719,938
S01007720,747
S01007721,810
S01007722,988
S01007723,960
S01007724,641
S01007725,702
S01007726,780
S01007727,1040
S01007728,909
S01007729,725
S01007730,687
S01007731,727
S01007732,824
S01007733,880
S01007734,837
S01007735,799
S01007736,723
S01007737,1137
S01007738,740
S01007739,611
S01007740,575
S01007741,755
S01007742,583
S01007743,853
S01007744,782
S01007745,700
S01007746,906
S01007747,495
S01007748,747
S01007749,712
S01007750,810
S01007751,850
S01007752,815
S01007753,511
S01007754,896
S01007755,808
S01007756,538
S01007757,837
S01007758,936
S01007759,982
S01007760,640
S01007761,899
S01007762,831
S01007763,588
S01007764,710
S01007765,671
S01007766,889
S01007767,864
S01007768,734
S01007769,732
S01007770,735
S01007771,557
S01007772,985
S01007773,706
S01007774,970
S01007775,974
S01007776,691
S01007777,1244
S01007778,524
S01007779,632
S01007780,759
S01007781,830
S01007782,581
S01007783,708
S01007784,682
S01007785,574
S01007786,746
S01007787,655
S01007788,711
S01007789,594
S01007790,829
S01007791,587
S01007792,878
S01007793,890
S01007794,593
S01007795,621
S01007796,818
S01007797,572
S01007798,716
S01007799,627
S01007800,969
S01007801,943
S01007802,538
S01007803,1081
S01007804,628
S01007805,499
S01007806,643
S01007807,741
S01007808,787
S01007809,877
S01007810,852
S01007811,941
S01007812,832
S01007813,836
S01007814,533
S01007815,904
S01007816,604
S01007817,433
S01007818,702
S01007819,873
S01007820,928
S01007821,525
S01007822,744
S01007823,732
S01007824,715
S01007825,959
S01007826,633
S01007827,608
S01007828,965
S01007829,548
S01007830,921
S01007831,984
S01007832,631
S01007833,804
S01007834,719
S01007835,678
S01007836,558
S01007837,774
S01007838,1003
S01007839,681
S01007840,714
S01007841,664
S01007842,782
S01007843,712
S01007844,907
S01007845,925
S01007846,744
S01007847,881
S01007848,827
S01007849,934
S01007850,733
S01007851,963
S01007852,695
S01007853,643
S01007854,1097
S01007855,542
S01007856,923
S01007857,505
S01007858,1078
S01007859,638
S01007860,652
S01007861,650
S01007862,722
S01007863,911
S01007864,933
S01007865,955
S01007866,537
S01007867,670
S01007868,826
S01007869,978
S01007870,536
S01007871,654
S01007872,638
S01007873,645
S01007874,709
S01007875,550
S01007876,1096
S01007877,701
S01007878,690
S01007879,704
S01007880,396
S01007881,524
S01007882,742
S01007883,1042
S01007884,630
S01007885,690
S01007886,787
S01007887,583
S01007888,1000
S01007889,488
S01007890,745
S01007891,891
S01007892,678
S01007893,999
S01007894,845
S01007895,630
S01007896,820
S01007897,467
S01007898,444
S01007899,368
S01007900,550
S01007901,669
S01007902,805
S01007903,600
S01007904,837
S01007905,603
S01007906,657
S01007907,515
S01007908,900
S01007909,500
S01007910,839
S01007911,786
S01007912,689
S01007913,605
S01007914,599
S01007915,820
S01007916,839
S01007917,791
S01007918,804
S01007919,792
S01007920,643
S01007921,909
S01007922,797
S01007923,944
S01007924,1047
S01007925,440
S01007926,479
S01007927,767
S01007928,1024
S01007929,1530
S01007930,638
S01007931,1145
S01007932,803
S01007933,835
S01007934,700
S01007935,798
S01007936,991
S01007937,995
S01007938,698
S01007939,766
S01007940,1031
S01007941,611
S01007942,646
S01007943,653
S01007944,902
S01007945,820
S01007946,710
S01007947,659
S01007948,608
S01007949,668
S01007950,898
S01007951,925
S01007952,626
S01007953,958
S01007954,697
S01007955,791
S01007956,700
S01007957,894
S01007958,780
S01007959,723
S01007960,696
S01007961,1069
S01007962,539
S01007963,963
S01007964,806
S01007965,529
S01007966,955
S01007967,589
S01007968,914
S01007969,785
S01007970,794
S01007971,917
S01007972,764
S01007973,745
S01007974,808
S01007975,629
S01007976,655
S01007977,610
S01007978,568
S01007979,836
S01007980,694
S01007981,503
S01007982,526
S01007983,792
S01007984,791
S01007985,798
S01007986,575
S01007987,736
S01007988,797
S01007989,651
S01007990,874
S01007991,1045
S01007992,629
S01007993,768
S01007994,877
S01007995,843
S01007996,476
S01007997,694
S01007998,523
S01007999,689
S01008000,928
S01008001,875
S01008002,768
S01008003,689
S01008004,644
S01008005,790
S01008006,577
S01008007,466
S01008008,708
S01008009,814
S01008010,706
S01008011,635
S01008012,889
S01008013,736
S01008014,621
S01008015,962
S01008016,750
S01008017,892
S01008018,584
S01008019,748
S01008020,556
S01008021,556
S01008022,714
S01008023,698
S01008024,1063
S01008025,605
S01008026,930
S01008027,561
S01008028,591
S01008029,1546
S01008030,1007
S01008031,868
S01008032,870
S01008033,813
S01008034,755
S01008035,563
S01008036,622
S01008037,995
S01008038,779
S01008039,869
S01008040,834
S01008041,677
S01008042,617
S01008043,1054
S01008044,965
S01008045,1054
S01008046,874
S01008047,664
S01008048,587
S01008049,822
S01008050,604
S01008051,874
S01008052,850
S01008053,599
S01008054,897
S01008055,1196
S01008056,775
S01008057,889
S01008058,883
S01008059,689
S01008060,850
S01008061,1212
S01008062,847
S01008063,901
S01008064,703
S01008065,942
S01008066,955
S01008067,713
S01008068,1041
S01008069,918
S01008070,923
S01008071,670
S01008072,868
S01008073,442
S01008074,1059
S01008075,601
S01008076,639
S01008077,829
S01008078,859
S01008079,916
S01008080,696
S01008081,603
S01008082,871
S01008083,709
S01008084,864
S01008085,916
S01008086,1027
S01008087,804
S01008088,847
S01008089,645
S01008090,745
S01008091,337
S01008092,917
S01008093,826
S01008094,1460
S01008095,710
S01008096,752
S01008097,616
S01008098,737
S01008099,527
S01008100,907
S01008101,838
S01008102,792
S01008103,686
S01008104,828
S01008105,1089
S01008106,785
S01008107,1468
S01008108,709
S01008109,873
S01008110,808
S01008111,883
S01008112,730
S01008113,932
S01008114,646
S01008115,856
S01008116,879
S01008117,755
S01008118,901
S01008119,663
S01008120,592
S01008121,640
S01008122,691
S01008123,851
S01008124,775
S01008125,891
S01008126,725
S01008127,791
S01008128,833
S01008129,900
S01008130,938
S01008131,831
S01008132,1138
S01008133,610
S01008134,597
S01008135,1083
S01008136,819
S01008137,880
S01008138,881
S01008139,950
S01008140,617
S01008141,756
S01008142,790
S01008143,936
S01008144,2459
S01008145,890
S01008146,499
S01008147,764
S01008148,707
S01008149,688
S01008150,874
S01008151,662
S01008152,990
S01008153,861
S01008154,757
S01008155,678
S01008156,926
S01008157,826
S01008158,650
S01008159,929
S01008160,1027
S01008161,1039
S01008162,1064
S01008163,845
S01008164,1692
S01008165,1182
S01008166,544
S01008167,700
S01008168,913
S01008169,781
S01008170,594
S01008171,746
S01008172,564
S01008173,658
S01008174,474
S01008175,737
S01008176,771
S01008177,759
S01008178,601
S01008179,535
S01008180,480
S01008181,653
S01008182,945
S01008183,646
S01008184,807
S01008185,938
S01008186,936
S01008187,652
S01008188,896
S01008189,575
S01008190,850
S01008191,621
S01008192,828
S01008193,852
S01008194,643
S01008195,764
S01008196,966
S01008197,1515
S01008198,718
S01008199,756
S01008200,618
S01008201,809
S01008202,576
S01008203,605
S01008204,886
S01008205,661
S01008206,664
S01008207,615
S01008208,887
S01008209,570
S01008210,949
S01008211,832
S01008212,564
S01008213,980
S01008214,714
S01008215,687
S01008216,491
S01008217,546
S01008218,1594
S01008219,1046
S01008220,628
S01008221,716
S01008222,697
S01008223,609
S01008224,830
S01008225,676
S01008226,726
S01008227,824
S01008228,654
S01008229,676
S01008230,781
S01008231,801
S01008232,874
S01008233,682
S01008234,440
S01008235,841
S01008236,791
S01008237,835
S01008238,785
S01008239,1076
S01008240,840
S01008241,650
S01008242,897
S01008243,906
S01008244,628
S01008245,962
S01008246,983
S01008247,800
S01008248,920
S01008249,907
S01008250,1190
S01008251,855
S01008252,832
S01008253,801
S01008254,999
S01008255,748
S01008256,815
S01008257,708
S01008258,778
S01008259,835
S01008260,783
S01008261,876
S01008262,656
S01008263,660
S01008264,710
S01008265,739
S01008266,662
S01008267,966
S01008268,881
S01008269,891
S01008270,849
S01008271,654
S01008272,1620
S01008273,832
S01008274,688
S01008275,514
S01008276,534
S01008277,492
S01008278,888
S01008279,715
S01008280,1000
S01008281,747
S01008282,762
S01008283,527
S01008284,1841
S01008285,792
S01008286,723
S01008287,883
S01008288,866
S01008289,611
S01008290,909
S01008291,732
S01008292,855
S01008293,620
S01008294,935
S01008295,871
S01008296,631
S01008297,847
S01008298,742
S01008299,807
S01008300,794
S01008301,771
S01008302,821
S01008303,476
S01008304,463
S01008305,762
S01008306,581
S01008307,638
S01008308,564
S01008309,759
S01008310,913
S01008311,366
S01008312,484
S01008313,840
S01008314,628
S01008315,685
S01008316,634
S01008317,871
S01008318,1145
S01008319,695
S01008320,590
S01008321,520
S01008322,1048
S01008323,790
S01008324,619
S01008325,849
S01008326,1016
S01008327,891
S01008328,2656
S01008329,858
S01008330,853
S01008331,621
S01008332,954
S01008333,1005
S01008334,1042
S01008335,743
S01008336,644
S01008337,1003
S01008338,936
S01008339,544
S01008340,800
S01008341,645
S01008342,855
S01008343,902
S01008344,886
S01008345,1045
S01008346,1010
S01008347,1022
S01008348,769
S01008349,858
S01008350,576
S01008351,900
S01008352,693
S01008353,528
S01008354,1074
S01008355,668
S01008356,607
S01008357,714
S01008358,707
S01008359,718
S01008360,841
S01008361,823
S01008362,1079
S01008363,778
S01008364,777
S01008365,690
S01008366,950
S01008367,747
S01008368,661
S01008369,550
S01008370,740
S01008371,771
S01008372,811
S01008373,803
S01008374,707
S01008375,818
S01008376,541
S01008377,767
S01008378,1032
S01008379,555
S01008380,703
S01008381,636
S01008382,864
S01008383,497
S01008384,976
S01008385,681
S01008386,881
S01008387,567
S01008388,629
S01008389,673
S01008390,604
S01008391,780
S01008392,894
S01008393,862
S01008394,904
S01008395,551
S01008396,645
S01008397,922
S01008398,605
S01008399,538
S01008400,678
S01008401,927
S01008402,1077
S01008403,602
S01008404,984
S01008405,816
S01008406,1047
S01008407,524
S01008408,674
S01008409,907
S01008410,682
S01008411,601
S01008412,716
S01008413,533
S01008414,452
S01008415,844
S01008416,896
S01008417,708
S01008418,691
S01008419,541
S01008420,466
S01008421,884
S01008422,617
S01008423,1088
S01008424,836
S01008425,3847
S01008426,599
S01008427,1084
S01008428,696
S01008429,964
S01008430,831
S01008431,825
S01008432,679
S01008433,806
S01008434,940
S01008435,789
S01008436,993
S01008437,765
S01008438,665
S01008439,1198
S01008440,999
S01008441,477
S01008442,701
S01008443,617
S01008444,872
S01008445,1170
S01008446,1180
S01008447,734
S01008448,761
S01008449,867
S01008450,660
S01008451,735
S01008452,676
S01008453,693
S01008454,940
S01008455,987
S01008456,996
S01008457,609
S01008458,1033
S01008459,783
S01008460,824
S01008461,940
S01008462,584
S01008463,673
S01008464,859
S01008465,732
S01008466,715
S01008467,806
S01008468,566
S01008469,668
S01008470,891
S01008471,866
S01008472,725
S01008473,670
S01008474,821
S01008475,637
S01008476,772
S01008477,793
S01008478,844
S01008479,768
S01008480,641
S01008481,1619
S01008482,623
S01008483,612
S01008484,787
S01008485,867
S01008486,846
S01008487,894
S01008488,857
S01008489,610
S01008490,912
S01008491,986
S01008492,1341
S01008493,1052
S01008494,1024
S01008495,971
S01008496,1027
S01008497,944
S01008498,889
S01008499,1068
S01008500,486
S01008501,661
S01008502,719
S01008503,945
S01008504,1120
S01008505,726
S01008506,918
S01008507,964
S01008508,870
S01008509,983
S01008510,907
S01008511,941
S01008512,522
S01008513,805
S01008514,993
S01008515,819
S01008516,1063
S01008517,914
S01008518,905
S01008519,835
S01008520,1089
S01008521,916
S01008522,515
S01008523,1004
S01008524,911
S01008525,862
S01008526,872
S01008527,739
S01008528,691
S01008529,737
S01008530,708
S01008531,758
S01008532,463
S01008533,258
S01008534,634
S01008535,713
S01008536,577
S01008537,659
S01008538,585
S01008539,830
S01008540,897
S01008541,919
S01008542,1678
S01008543,749
S01008544,662
S01008545,852
S01008546,786
S01008547,1017
S01008548,861
S01008549,1173
S01008550,777
S01008551,913
S01008552,858
S01008553,664
S01008554,1060
S01008555,1063
S01008556,796
S01008557,1432
S01008558,872
S01008559,710
S01008560,678
S01008561,705
S01008562,878
S01008563,850
S01008564,642
S01008565,986
S01008566,1057
S01008567,812
S01008568,789
S01008569,715
S01008570,987
S01008571,677
S01008572,927
S01008573,909
S01008574,680
S01008575,821
S01008576,822
S01008577,871
S01008578,838
S01008579,999
S01008580,551
S01008581,897
S01008582,1051
S01008583,727
S01008584,873
S01008585,611
S01008586,848
S01008587,1138
S01008588,865
S01008589,389
S01008590,817
S01008591,870
S01008592,896
S01008593,763
S01008594,1114
S01008595,854
S01008596,891
S01008597,844
S01008598,800
S01008599,870
S01008600,1137
S01008601,2147
S01008602,667
S01008603,1109
S01008604,1121
S01008605,693
S01008606,743
S01008607,613
S01008608,783
S01008609,1033
S01008610,841
S01008611,1365
S01008612,729
S01008613,802
S01008614,731
S01008615,874
S01008616,634
S01008617,785
S01008618,666
S01008619,498
S01008620,741
S01008621,759
S01008622,512
S01008623,879
S01008624,797
S01008625,607
S01008626,943
S01008627,780
S01008628,743
S01008629,649
S01008630,606
S01008631,966
S01008632,797
S01008633,951
S01008634,765
S01008635,838
S01008636,879
S01008637,855
S01008638,882
S01008639,977
S01008640,820
S01008641,959
S01008642,923
S01008643,781
S01008644,833
S01008645,836
S01008646,914
S01008647,665
S01008648,606
S01008649,995
S01008650,817
S01008651,1667
S01008652,563
S01008653,812
S01008654,949
S01008655,895
S01008656,697
S01008657,749
S01008658,1489
S01008659,706
S01008660,874
S01008661,1046
S01008662,555
S01008663,964
S01008664,807
S01008665,1415
S01008666,1106
S01008667,1056
S01008668,665
S01008669,509
S01008670,826
S01008671,725
S01008672,781
S01008673,1836
S01008674,1221
S01008675,843
S01008676,705
S01008677,864
S01008678,1456
S01008679,1431
S01008680,709
S01008681,1347
S01008682,906
S01008683,2033
S01008684,1161
S01008685,2224
S01008686,1252
S01008687,707
S01008688,948
S01008689,875
S01008690,1026
S01008691,1209
S01008692,1381
S01008693,454
S01008694,897
S01008695,701
S01008696,634
S01008697,1039
S01008698,504
S01008699,868
S01008700,542
S01008701,831
S01008702,684
S01008703,1128
S01008704,1335
S01008705,523
S01008706,610
S01008707,953
S01008708,1043
S01008709,734
S01008710,452
S01008711,785
S01008712,1124
S01008713,669
S01008714,565
S01008715,763
S01008716,568
S01008717,428
S01008718,621
S01008719,1086
S01008720,892
S01008721,829
S01008722,1058
S01008723,807
S01008724,1024
S01008725,814
S01008726,596
S01008727,1097
S01008728,639
S01008729,709
S01008730,865
S01008731,530
S01008732,640
S01008733,768
S01008734,639
S01008735,1009
S01008736,738
S01008737,824
S01008738,858
S01008739,573
S01008740,552
S01008741,940
S01008742,508
S01008743,951
S01008744,1098
S01008745,517
S01008746,1062
S01008747,509
S01008748,655
S01008749,978
S01008750,682
S01008751,630
S01008752,739
S01008753,583
S01008754,654
S01008755,916
S01008756,648
S01008757,634
S01008758,837
S01008759,609
S01008760,969
S01008761,720
S01008762,582
S01008763,920
S01008764,680
S01008765,884
S01008766,1006
S01008767,564
S01008768,1060
S01008769,981
S01008770,958
S01008771,1082
S01008772,771
S01008773,1011
S01008774,961
S01008775,486
S01008776,865
S01008777,1072
S01008778,1167
S01008779,785
S01008780,548
S01008781,1113
S01008782,747
S01008783,463
S01008784,456
S01008785,845
S01008786,1059
S01008787,392
S01008788,774
S01008789,648
S01008790,692
S01008791,987
S01008792,877
S01008793,496
S01008794,847
S01008795,1183
S01008796,1095
S01008797,888
S01008798,809
S01008799,744
S01008800,1149
S01008801,935
S01008802,1050
S01008803,983
S01008804,768
S01008805,699
S01008806,1073
S01008807,801
S01008808,733
S01008809,697
S01008810,759
S01008811,934
S01008812,542
S01008813,1081
S01008814,929
S01008815,904
S01008816,611
S01008817,850
S01008818,1051
S01008819,740
S01008820,1137
S01008821,734
S01008822,749
S01008823,693
S01008824,1018
S01008825,631
S01008826,678
S01008827,763
S01008828,889
S01008829,746
S01008830,942
S01008831,731
S01008832,846
S01008833,1050
S01008834,1142
S01008835,847
S01008836,701
S01008837,1202
S01008838,1188
S01008839,1100
S01008840,1133
S01008841,755
S01008842,1052
S01008843,1064
S01008844,747
S01008845,859
S01008846,691
S01008847,642
S01008848,621
S01008849,746
S01008850,713
S01008851,1008
S01008852,1028
S01008853,609
S01008854,912
S01008855,1141
S01008856,560
S01008857,807
S01008858,627
S01008859,1090
S01008860,877
S01008861,777
S01008862,943
S01008863,655
S01008864,1456
S01008865,966
S01008866,766
S01008867,870
S01008868,940
S01008869,1203
S01008870,888
S01008871,1237
S01008872,887
S01008873,720
S01008874,1016
S01008875,866
S01008876,623
S01008877,531
S01008878,865
S01008879,823
S01008880,630
S01008881,683
S01008882,1071
S01008883,1092
S01008884,721
S01008885,876
S01008886,923
S01008887,779
S01008888,672
S01008889,885
S01008890,654
S01008891,771
S01008892,1009
S01008893,931
S01008894,906
S01008895,891
S01008896,721
S01008897,718
S01008898,867
S01008899,874
S01008900,958
S01008901,950
S01008902,1090
S01008903,981
S01008904,1043
S01008905,1121
S01008906,823
S01008907,930
S01008908,1257
S01008909,769
S01008910,520
S01008911,1262
S01008912,787
S01008913,721
S01008914,919
S01008915,569
S01008916,1052
S01008917,782
S01008918,625
S01008919,582
S01008920,1366
S01008921,910
S01008922,823
S01008923,867
S01008924,945
S01008925,774
S01008926,579
S01008927,1032
S01008928,894
S01008929,733
S01008930,876
S01008931,1433
S01008932,954
S01008933,652
S01008934,908
S01008935,959
S01008936,399
S01008937,989
S01008938,813
S01008939,780
S01008940,629
S01008941,1011
S01008942,829
S01008943,920
S01008944,1111
S01008945,805
S01008946,1035
S01008947,1089
S01008948,736
S01008949,903
S01008950,988
S01008951,925
S01008952,875
S01008953,882
S01008954,878
S01008955,634
S01008956,826
S01008957,1028
S01008958,975
S01008959,830
S01008960,1159
S01008961,691
S01008962,633
S01008963,815
S01008964,541
S01008965,825
S01008966,590
S01008967,1065
S01008968,1625
S01008969,1129
S01008970,981
S01008971,731
S01008972,781
S01008973,944
S01008974,832
S01008975,766
S01008976,563
S01008977,620
S01008978,640
S01008979,718
S01008980,830
S01008981,749
S01008982,814
S01008983,643
S01008984,501
S01008985,926
S01008986,790
S01008987,783
S01008988,1090
S01008989,610
S01008990,904
S01008991,927
S01008992,578
S01008993,1037
S01008994,760
S01008995,813
S01008996,883
S01008997,1106
S01008998,796
S01008999,836
S01009000,1550
S01009001,935
S01009002,2360
S01009003,982
S01009004,693
S01009005,756
S01009006,756
S01009007,712
S01009008,917
S01009009,476
S01009010,977
S01009011,880
S01009012,760
S01009013,862
S01009014,581
S01009015,662
S01009016,465
S01009017,592
S01009018,725
S01009019,532
S01009020,790
S01009021,700
S01009022,886
S01009023,877
S01009024,975
S01009025,891
S01009026,909
S01009027,706
S01009028,459
S01009029,599
S01009030,697
S01009031,725
S01009032,574
S01009033,719
S01009034,727
S01009035,927
S01009036,1091
S01009037,934
S01009038,1072
S01009039,633
S01009040,637
S01009041,884
S01009042,751
S01009043,600
S01009044,812
S01009045,630
S01009046,997
S01009047,804
S01009048,809
S01009049,578
S01009050,800
S01009051,727
S01009052,585
S01009053,523
S01009054,554
S01009055,1000
S01009056,552
S01009057,555
S01009058,786
S01009059,895
S01009060,673
S01009061,753
S01009062,641
S01009063,783
S01009064,558
S01009065,660
S01009066,714
S01009067,924
S01009068,898
S01009069,648
S01009070,585
S01009071,509
S01009072,541
S01009073,792
S01009074,718
S01009075,540
S01009076,957
S01009077,597
S01009078,859
S01009079,883
S01009080,901
S01009081,634
S01009082,985
S01009083,734
S01009084,786
S01009085,836
S01009086,737
S01009087,591
S01009088,1018
S01009089,998
S01009090,2386
S01009091,755
S01009092,1083
S01009093,721
S01009094,651
S01009095,833
S01009096,1073
S01009097,859
S01009098,480
S01009099,696
S01009100,765
S01009101,836
S01009102,802
S01009103,546
S01009104,755
S01009105,780
S01009106,554
S01009107,792
S01009108,711
S01009109,624
S01009110,589
S01009111,839
S01009112,541
S01009113,917
S01009114,735
S01009115,553
S01009116,443
S01009117,886
S01009118,605
S01009119,733
S01009120,504
S01009121,764
S01009122,1726
S01009123,607
S01009124,619
S01009125,738
S01009126,547
S01009127,698
S01009128,874
S01009129,496
S01009130,629
S01009131,484
S01009132,825
S01009133,753
S01009134,874
S01009135,532
S01009136,872
S01009137,804
S01009138,887
S01009139,421
S01009140,677
S01009141,872
S01009142,579
S01009143,542
S01009144,704
S01009145,978
S01009146,918
S01009147,834
S01009148,655
S01009149,764
S01009150,768
S01009151,865
S01009152,641
S01009153,488
S01009154,967
S01009155,545
S01009156,573
S01009157,878
S01009158,621
S01009159,456
S01009160,682
S01009161,662
S01009162,699
S01009163,467
S01009164,702
S01009165,718
S01009166,803
S01009167,548
S01009168,599
S01009169,758
S01009170,722
S01009171,636
S01009172,660
S01009173,756
S01009174,506
S01009175,841
S01009176,982
S01009177,840
S01009178,718
S01009179,677
S01009180,946
S01009181,860
S01009182,909
S01009183,694
S01009184,853
S01009185,933
S01009186,822
S01009187,520
S01009188,915
S01009189,772
S01009190,1387
S01009191,759
S01009192,855
S01009193,1725
S01009194,785
S01009195,861
S01009196,709
S01009197,1127
S01009198,695
S01009199,609
S01009200,1738
S01009201,708
S01009202,529
S01009203,764
S01009204,885
S01009205,699
S01009206,897
S01009207,707
S01009208,593
S01009209,628
S01009210,523
S01009211,603
S01009212,824
S01009213,829
S01009214,1019
S01009215,916
S01009216,923
S01009217,619
S01009218,823
S01009219,594
S01009220,507
S01009221,561
S01009222,529
S01009223,530
S01009224,681
S01009225,529
S01009226,830
S01009227,583
S01009228,556
S01009229,504
S01009230,512
S01009231,929
S01009232,569
S01009233,551
S01009234,899
S01009235,819
S01009236,489
S01009237,860
S01009238,701
S01009239,767
S01009240,609
S01009241,971
S01009242,691
S01009243,946
S01009244,736
S01009245,816
S01009246,828
S01009247,997
S01009248,659
S01009249,788
S01009250,622
S01009251,484
S01009252,479
S01009253,494
S01009254,816
S01009255,646
S01009256,476
S01009257,738
S01009258,692
S01009259,908
S01009260,1182
S01009261,752
S01009262,596
S01009263,813
S01009264,562
S01009265,750
S01009266,839
S01009267,838
S01009268,1025
S01009269,890
S01009270,586
S01009271,827
S01009272,691
S01009273,503
S01009274,646
S01009275,643
S01009276,844
S01009277,557
S01009278,561
S01009279,576
S01009280,903
S01009281,776
S01009282,692
S01009283,551
S01009284,790
S01009285,837
S01009286,684
S01009287,763
S01009288,978
S01009289,896
S01009290,656
S01009291,932
S01009292,501
S01009293,701
S01009294,616
S01009295,595
S01009296,466
S01009297,781
S01009298,940
S01009299,1157
S01009300,561
S01009301,1051
S01009302,834
S01009303,860
S01009304,987
S01009305,791
S01009306,1135
S01009307,947
S01009308,490
S01009309,747
S01009310,928
S01009311,768
S01009312,662
S01009313,581
S01009314,624
S01009315,665
S01009316,769
S01009317,801
S01009318,580
S01009319,902
S01009320,672
S01009321,660
S01009322,744
S01009323,643
S01009324,536
S01009325,773
S01009326,581
S01009327,568
S01009328,965
S01009329,1266
S01009330,579
S01009331,1546
S01009332,887
S01009333,783
S01009334,610
S01009335,914
S01009336,618
S01009337,730
S01009338,967
S01009339,928
S01009340,664
S01009341,620
S01009342,744
S01009343,549
S01009344,672
S01009345,917
S01009346,795
S01009347,695
S01009348,549
S01009349,826
S01009350,597
S01009351,567
S01009352,850
S01009353,861
S01009354,1358
S01009355,879
S01009356,912
S01009357,516
S01009358,661
S01009359,777
S01009360,811
S01009361,755
S01009362,956
S01009363,791
S01009364,883
S01009365,549
S01009366,729
S01009367,610
S01009368,546
S01009369,582
S01009370,767
S01009371,542
S01009372,513
S01009373,796
S01009374,950
S01009375,767
S01009376,541
S01009377,1549
S01009378,980
S01009379,970
S01009380,523
S01009381,580
S01009382,726
S01009383,750
S01009384,575
S01009385,481
S01009386,579
S01009387,632
S01009388,726
S01009389,924
S01009390,749
S01009391,670
S01009392,556
S01009393,663
S01009394,930
S01009395,687
S01009396,752
S01009397,691
S01009398,623
S01009399,696
S01009400,532
S01009401,685
S01009402,858
S01009403,529
S01009404,719
S01009405,419
S01009406,915
S01009407,546
S01009408,913
S01009409,663
S01009410,832
S01009411,856
S01009412,851
S01009413,904
S01009414,656
S01009415,720
S01009416,488
S01009417,1036
S01009418,1055
S01009419,551
S01009420,659
S01009421,706
S01009422,747
S01009423,1404
S01009424,575
S01009425,667
S01009426,738
S01009427,550
S01009428,673
S01009429,749
S01009430,718
S01009431,673
S01009432,805
S01009433,795
S01009434,562
S01009435,754
S01009436,709
S01009437,598
S01009438,879
S01009439,879
S01009440,703
S01009441,768
S01009442,638
S01009443,1024
S01009444,819
S01009445,739
S01009446,883
S01009447,506
S01009448,917
S01009449,505
S01009450,558
S01009451,1036
S01009452,523
S01009453,1003
S01009454,929
S01009455,1177
S01009456,686
S01009457,618
S01009458,738
S01009459,882
S01009460,791
S01009461,937
S01009462,731
S01009463,614
S01009464,837
S01009465,595
S01009466,544
S01009467,753
S01009468,716
S01009469,825
S01009470,507
S01009471,599
S01009472,1013
S01009473,845
S01009474,936
S01009475,596
S01009476,550
S01009477,770
S01009478,732
S01009479,907
S01009480,794
S01009481,886
S01009482,607
S01009483,646
S01009484,874
S01009485,787
S01009486,613
S01009487,824
S01009488,701
S01009489,769
S01009490,829
S01009491,782
S01009492,716
S01009493,786
S01009494,938
S01009495,836
S01009496,731
S01009497,892
S01009498,610
S01009499,769
S01009500,742
S01009501,774
S01009502,797
S01009503,667
S01009504,680
S01009505,796
S01009506,690
S01009507,876
S01009508,842
S01009509,979
S01009510,662
S01009511,604
S01009512,708
S01009513,592
S01009514,658
S01009515,736
S01009516,879
S01009517,1114
S01009518,1022
S01009519,777
S01009520,771
S01009521,890
S01009522,996
S01009523,573
S01009524,704
S01009525,514
S01009526,680
S01009527,651
S01009528,550
S01009529,563
S01009530,560
S01009531,854
S01009532,828
S01009533,930
S01009534,861
S01009535,747
S01009536,554
S01009537,540
S01009538,819
S01009539,951
S01009540,782
S01009541,915
S01009542,707
S01009543,552
S01009544,925
S01009545,789
S01009546,1200
S01009547,786
S01009548,634
S01009549,779
S01009550,530
S01009551,496
S01009552,901
S01009553,895
S01009554,641
S01009555,794
S01009556,698
S01009557,597
S01009558,657
S01009559,809
S01009560,663
S01009561,680
S01009562,795
S01009563,750
S01009564,643
S01009565,575
S01009566,1009
S01009567,854
S01009568,763
S01009569,741
S01009570,533
S01009571,677
S01009572,991
S01009573,724
S01009574,936
S01009575,509
S01009576,477
S01009577,693
S01009578,720
S01009579,1034
S01009580,979
S01009581,552
S01009582,532
S01009583,781
S01009584,547
S01009585,935
S01009586,653
S01009587,741
S01009588,1035
S01009589,945
S01009590,717
S01009591,587
S01009592,555
S01009593,588
S01009594,686
S01009595,473
S01009596,732
S01009597,823
S01009598,629
S01009599,823
S01009600,585
S01009601,668
S01009602,723
S01009603,543
S01009604,824
S01009605,750
S01009606,713
S01009607,662
S01009608,638
S01009609,832
S01009610,958
S01009611,505
S01009612,536
S01009613,448
S01009614,509
S01009615,389
S01009616,706
S01009617,752
S01009618,664
S01009619,554
S01009620,790
S01009621,754
S01009622,646
S01009623,460
S01009624,846
S01009625,845
S01009626,569
S01009627,805
S01009628,517
S01009629,1031
S01009630,704
S01009631,624
S01009632,530
S01009633,737
S01009634,517
S01009635,803
S01009636,863
S01009637,756
S01009638,1049
S01009639,831
S01009640,584
S01009641,756
S01009642,833
S01009643,964
S01009644,802
S01009645,606
S01009646,552
S01009647,601
S01009648,842
S01009649,999
S01009650,749
S01009651,932
S01009652,779
S01009653,528
S01009654,588
S01009655,796
S01009656,730
S01009657,730
S01009658,768
S01009659,497
S01009660,1061
S01009661,872
S01009662,722
S01009663,652
S01009664,958
S01009665,639
S01009666,688
S01009667,536
S01009668,609
S01009669,527
S01009670,821
S01009671,643
S01009672,799
S01009673,786
S01009674,877
S01009675,840
S01009676,873
S01009677,616
S01009678,561
S01009679,893
S01009680,811
S01009681,703
S01009682,633
S01009683,831
S01009684,1078
S01009685,685
S01009686,1108
S01009687,709
S01009688,792
S01009689,627
S01009690,710
S01009691,591
S01009692,1061
S01009693,591
S01009694,911
S01009695,666
S01009696,882
S01009697,728
S01009698,588
S01009699,511
S01009700,681
S01009701,415
S01009702,672
S01009703,579
S01009704,841
S01009705,692
S01009706,582
S01009707,533
S01009708,1012
S01009709,822
S01009710,537
S01009711,758
S01009712,600
S01009713,890
S01009714,909
S01009715,664
S01009716,771
S01009717,1147
S01009718,699
S01009719,722
S01009720,820
S01009721,884
S01009722,1553
S01009723,1113
S01009724,1049
S01009725,647
S01009726,977
S01009727,867
S01009728,789
S01009729,647
S01009730,562
S01009731,618
S01009732,839
S01009733,538
S01009734,1004
S01009735,1401
S01009736,2328
S01009737,903
S01009738,430
S01009739,837
S01009740,522
S01009741,1352
S01009742,478
S01009743,916
S01009744,689
S01009745,1024
S01009746,550
S01009747,635
S01009748,773
S01009749,949
S01009750,677
S01009751,747
S01009752,626
S01009753,696
S01009754,870
S01009755,707
S01009756,743
S01009757,642
S01009758,624
S01009759,860
S01009760,852
S01009761,846
S01009762,1183
S01009763,783
S01009764,688
S01009765,996
S01009766,515
S01009767,1099
S01009768,755
S01009769,1152
S01009770,664
S01009771,846
S01009772,723
S01009773,730
S01009774,628
S01009775,773
S01009776,652
S01009777,483
S01009778,809
S01009779,625
S01009780,695
S01009781,583
S01009782,754
S01009783,689
S01009784,715
S01009785,778
S01009786,934
S01009787,755
S01009788,859
S01009789,867
S01009790,612
S01009791,789
S01009792,986
S01009793,1342
S01009794,522
S01009795,865
S01009796,744
S01009797,782
S01009798,696
S01009799,742
S01009800,1002
S01009801,859
S01009802,1008
S01009803,745
S01009804,526
S01009805,939
S01009806,869
S01009807,970
S01009808,584
S01009809,692
S01009810,886
S01009811,1058
S01009812,728
S01009813,915
S01009814,814
S01009815,642
S01009816,721
S01009817,683
S01009818,910
S01009819,704
S01009820,958
S01009821,635
S01009822,461
S01009823,717
S01009824,939
S01009825,1026
S01009826,602
S01009827,845
S01009828,725
S01009829,906
S01009830,764
S01009831,763
S01009832,967
S01009833,525
S01009834,794
S01009835,592
S01009836,931
S01009837,671
S01009838,919
S01009839,937
S01009840,903
S01009841,905
S01009842,777
S01009843,740
S01009844,915
S01009845,932
S01009846,1004
S01009847,779
S01009848,1019
S01009849,724
S01009850,885
S01009851,882
S01009852,545
S01009853,826
S01009854,806
S01009855,594
S01009856,642
S01009857,898
S01009858,770
S01009859,1244
S01009860,1015
S01009861,1266
S01009862,1126
S01009863,821
S01009864,669
S01009865,626
S01009866,894
S01009867,1239
S01009868,832
S01009869,579
S01009870,701
S01009871,947
S01009872,687
S01009873,1008
S01009874,1029
S01009875,842
S01009876,393
S01009877,977
S01009878,763
S01009879,893
S01009880,792
S01009881,550
S01009882,1279
S01009883,809
S01009884,773
S01009885,866
S01009886,779
S01009887,928
S01009888,769
S01009889,920
S01009890,616
S01009891,810
S01009892,789
S01009893,864
S01009894,864
S01009895,761
S01009896,1167
S01009897,962
S01009898,682
S01009899,821
S01009900,842
S01009901,886
S01009902,859
S01009903,839
S01009904,835
S01009905,746
S01009906,708
S01009907,754
S01009908,1037
S01009909,947
S01009910,542
S01009911,1004
S01009912,877
S01009913,704
S01009914,969
S01009915,866
S01009916,996
S01009917,725
S01009918,691
S01009919,1095
S01009920,900
S01009921,608
S01009922,1146
S01009923,902
S01009924,1077
S01009925,725
S01009926,792
S01009927,579
S01009928,933
S01009929,570
S01009930,844
S01009931,867
S01009932,745
S01009933,932
S01009934,923
S01009935,732
S01009936,599
S01009937,455
S01009938,745
S01009939,589
S01009940,800
S01009941,1028
S01009942,939
S01009943,896
S01009944,765
S01009945,913
S01009946,902
S01009947,583
S01009948,786
S01009949,895
S01009950,688
S01009951,727
S01009952,703
S01009953,885
S01009954,704
S01009955,1072
S01009956,735
S01009957,727
S01009958,885
S01009959,644
S01009960,842
S01009961,691
S01009962,959
S01009963,734
S01009964,878
S01009965,744
S01009966,743
S01009967,767
S01009968,564
S01009969,905
S01009970,961
S01009971,1069
S01009972,880
S01009973,702
S01009974,645
S01009975,807
S01009976,471
S01009977,895
S01009978,1001
S01009979,518
S01009980,629
S01009981,691
S01009982,981
S01009983,642
S01009984,715
S01009985,631
S01009986,500
S01009987,823
S01009988,456
S01009989,857
S01009990,734
S01009991,780
S01009992,718
S01009993,870
S01009994,645
S01009995,614
S01009996,756
S01009997,593
S01009998,627
S01009999,670
S01010000,582
S01010001,852
S01010002,726
S01010003,660
S01010004,696
S01010005,725
S01010006,1135
S01010007,929
S01010008,768
S01010009,642
S01010010,1079
S01010011,728
S01010012,884
S01010013,889
S01010014,1052
S01010015,787
S01010016,707
S01010017,784
S01010018,1183
S01010019,719
S01010020,737
S01010021,473
S01010022,1658
S01010023,648
S01010024,846
S01010025,550
S01010026,974
S01010027,956
S01010028,677
S01010029,677
S01010030,857
S01010031,842
S01010032,845
S01010033,1073
S01010034,1326
S01010035,620
S01010036,1041
S01010037,657
S01010038,940
S01010039,1113
S01010040,930
S01010041,788
S01010042,1455
S01010043,755
S01010044,1183
S01010045,606
S01010046,782
S01010047,787
S01010048,2081
S01010049,875
S01010050,1822
S01010051,812
S01010052,848
S01010053,999
S01010054,626
S01010055,1219
S01010056,544
S01010057,549
S01010058,797
S01010059,633
S01010060,1020
S01010061,527
S01010062,822
S01010063,925
S01010064,524
S01010065,851
S01010066,759
S01010067,633
S01010068,1293
S01010069,845
S01010070,636
S01010071,834
S01010072,780
S01010073,764
S01010074,708
S01010075,659
S01010076,637
S01010077,627
S01010078,599
S01010079,848
S01010080,669
S01010081,638
S01010082,803
S01010083,735
S01010084,802
S01010085,720
S01010086,870
S01010087,542
S01010088,1916
S01010089,694
S01010090,1041
S01010091,963
S01010092,926
S01010093,812
S01010094,667
S01010095,613
S01010096,672
S01010097,727
S01010098,756
S01010099,680
S01010100,815
S01010101,675
S01010102,861
S01010103,1017
S01010104,918
S01010105,424
S01010106,260
S01010107,804
S01010108,729
S01010109,907
S01010110,782
S01010111,756
S01010112,929
S01010113,674
S01010114,726
S01010115,602
S01010116,1182
S01010117,1401
S01010118,868
S01010119,542
S01010120,1019
S01010121,591
S01010122,511
S01010123,659
S01010124,603
S01010125,516
S01010126,678
S01010127,639
S01010128,525
S01010129,707
S01010130,408
S01010131,922
S01010132,981
S01010133,693
S01010134,996
S01010135,751
S01010136,817
S01010137,903
S01010138,957
S01010139,1033
S01010140,842
S01010141,936
S01010142,667
S01010143,755
S01010144,808
S01010145,892
S01010146,772
S01010147,992
S01010148,1029
S01010149,1188
S01010150,728
S01010151,622
S01010152,835
S01010153,929
S01010154,927
S01010155,755
S01010156,515
S01010157,591
S01010158,953
S01010159,724
S01010160,583
S01010161,620
S01010162,911
S01010163,688
S01010164,867
S01010165,633
S01010166,1114
S01010167,804
S01010168,495
S01010169,831
S01010170,499
S01010171,1181
S01010172,691
S01010173,764
S01010174,1248
S01010175,536
S01010176,749
S01010177,693
S01010178,1067
S01010179,815
S01010180,784
S01010181,563
S01010182,688
S01010183,460
S01010184,585
S01010185,718
S01010186,620
S01010187,554
S01010188,685
S01010189,1033
S01010190,908
S01010191,685
S01010192,827
S01010193,750
S01010194,626
S01010195,519
S01010196,661
S01010197,569
S01010198,1019
S01010199,720
S01010200,658
S01010201,640
S01010202,980
S01010203,843
S01010204,817
S01010205,647
S01010206,0
S01010207,288
S01010208,977
S01010209,980
S01010210,808
S01010211,838
S01010212,946
S01010213,912
S01010214,919
S01010215,1015
S01010216,621
S01010217,1025
S01010218,1120
S01010219,372
S01010220,529
S01010221,676
S01010222,812
S01010223,598
S01010224,1007
S01010225,853
S01010226,0
S01010227,0
S01010228,829
S01010229,1292
S01010230,987
S01010231,907
S01010232,1016
S01010233,822
S01010234,1147
S01010235,1016
S01010236,881
S01010237,616
S01010238,883
S01010239,833
S01010240,658
S01010241,1112
S01010242,758
S01010243,988
S01010244,659
S01010245,796
S01010246,824
S01010247,738
S01010248,862
S01010249,661
S01010250,819
S01010251,758
S01010252,620
S01010253,639
S01010254,1078
S01010255,757
S01010256,854
S01010257,1732
S01010258,1826
S01010259,1401
S01010260,2544
S01010261,2269
S01010262,868
S01010263,713
S01010264,913
S01010265,1107
S01010266,669
S01010267,1039
S01010268,843
S01010269,589
S01010270,1286
S01010271,800
S01010272,1342
S01010273,800
S01010274,697
S01010275,932
S01010276,1255
S01010277,623
S01010278,612
S01010279,672
S01010280,992
S01010281,971
S01010282,1006
S01010283,727
S01010284,2429
S01010285,799
S01010286,2420
S01010287,946
S01010288,1130
S01010289,982
S01010290,625
S01010291,1209
S01010292,1078
S01010293,969
S01010294,731
S01010295,1077
S01010296,703
S01010297,1096
S01010298,853
S01010299,573
S01010300,1025
S01010301,627
S01010302,822
S01010303,632
S01010304,764
S01010305,822
S01010306,809
S01010307,857
S01010308,1006
S01010309,318
S01010310,713
S01010311,812
S01010312,814
S01010313,566
S01010314,1682
S01010315,879
S01010316,680
S01010317,962
S01010318,1500
S01010319,815
S01010320,759
S01010321,879
S01010322,1082
S01010323,644
S01010324,858
S01010325,923
S01010326,1009
S01010327,906
S01010328,1090
S01010329,592
S01010330,671
S01010331,880
S01010332,694
S01010333,1023
S01010334,1082
S01010335,799
S01010336,606
S01010337,550
S01010338,547
S01010339,537
S01010340,768
S01010341,601
S01010342,636
S01010343,848
S01010344,690
S01010345,894
S01010346,922
S01010347,909
S01010348,998
S01010349,834
S01010350,931
S01010351,946
S01010352,495
S01010353,1060
S01010354,786
S01010355,861
S01010356,816
S01010357,564
S01010358,865
S01010359,813
S01010360,909
S01010361,760
S01010362,831
S01010363,766
S01010364,924
S01010365,1011
S01010366,1065
S01010367,1596
S01010368,810
S01010369,770
S01010370,705
S01010371,1217
S01010372,557
S01010373,870
S01010374,979
S01010375,571
S01010376,776
S01010377,1030
S01010378,786
S01010379,1227
S01010380,967
S01010381,721
S01010382,858
S01010383,705
S01010384,1538
S01010385,872
S01010386,1020
S01010387,1512
S01010388,963
S01010389,1404
S01010390,1078
S01010391,823
S01010392,1015
S01010393,988
S01010394,936
S01010395,1011
S01010396,1023
S01010397,553
S01010398,1074
S01010399,1210
S01010400,1172
S01010401,742
S01010402,974
S01010403,1016
S01010404,945
S01010405,792
S01010406,859
S01010407,914
S01010408,550
S01010409,652
S01010410,566
S01010411,1137
S01010412,900
S01010413,804
S01010414,1104
S01010415,1030
S01010416,744
S01010417,605
S01010418,1143
S01010419,982
S01010420,707
S01010421,874
S01010422,1156
S01010423,896
S01010424,998
S01010425,1073
S01010426,722
S01010427,1161
S01010428,730
S01010429,989
S01010430,937
S01010431,675
S01010432,902
S01010433,631
S01010434,620
S01010435,645
S01010436,799
S01010437,570
S01010438,873
S01010439,980
S01010440,626
S01010441,965
S01010442,768
S01010443,559
S01010444,660
S01010445,939
S01010446,825
S01010447,1029
S01010448,855
S01010449,736
S01010450,777
S01010451,851
S01010452,777
S01010453,761
S01010454,784
S01010455,886
S01010456,538
S01010457,547
S01010458,757
S01010459,553
S01010460,811
S01010461,639
S01010462,971
S01010463,798
S01010464,494
S01010465,957
S01010466,846
S01010467,899
S01010468,955
S01010469,585
S01010470,763
S01010471,688
S01010472,776
S01010473,798
S01010474,800
S01010475,737
S01010476,1182
S01010477,819
S01010478,970
S01010479,1080
S01010480,587
S01010481,629
S01010482,820
S01010483,1011
S01010484,547
S01010485,972
S01010486,919
S01010487,1022
S01010488,782
S01010489,1082
S01010490,689
S01010491,742
S01010492,568
S01010493,661
S01010494,597
S01010495,797
S01010496,841
S01010497,650
S01010498,935
S01010499,738
S01010500,1022
S01010501,1119
S01010502,806
S01010503,647
S01010504,590
S01010505,513
S01010506,902
S01010507,704
S01010508,1073
S01010509,1008
S01010510,932
S01010511,860
S01010512,584
S01010513,761
S01010514,712
S01010515,780
S01010516,617
S01010517,832
S01010518,645
S01010519,790
S01010520,900
S01010521,766
S01010522,578
S01010523,578
S01010524,494
S01010525,643
S01010526,804
S01010527,802
S01010528,629
S01010529,734
S01010530,663
S01010531,1113
S01010532,554
S01010533,573
S01010534,884
S01010535,728
S01010536,860
S01010537,790
S01010538,1069
S01010539,1056
S01010540,635
S01010541,861
S01010542,910
S01010543,598
S01010544,876
S01010545,725
S01010546,843
S01010547,763
S01010548,698
S01010549,1329
S01010550,510
S01010551,826
S01010552,764
S01010553,596
S01010554,726
S01010555,867
S01010556,1016
S01010557,628
S01010558,788
S01010559,888
S01010560,682
S01010561,683
S01010562,739
S01010563,517
S01010564,479
S01010565,589
S01010566,1111
S01010567,1111
S01010568,1114
S01010569,1104
S01010570,1067
S01010571,722
S01010572,734
S01010573,508
S01010574,588
S01010575,646
S01010576,797
S01010577,894
S01010578,536
S01010579,658
S01010580,531
S01010581,535
S01010582,723
S01010583,915
S01010584,989
S01010585,850
S01010586,813
S01010587,657
S01010588,667
S01010589,565
S01010590,944
S01010591,1386
S01010592,487
S01010593,1153
S01010594,740
S01010595,893
S01010596,1313
S01010597,968
S01010598,1090
S01010599,828
S01010600,906
S01010601,663
S01010602,515
S01010603,766
S01010604,480
S01010605,854
S01010606,810
S01010607,875
S01010608,699
S01010609,559
S01010610,632
S01010611,948
S01010612,769
S01010613,735
S01010614,603
S01010615,806
S01010616,778
S01010617,877
S01010618,671
S01010619,619
S01010620,674
S01010621,901
S01010622,653
S01010623,721
S01010624,630
S01010625,771
S01010626,957
S01010627,726
S01010628,946
S01010629,972
S01010630,616
S01010631,552
S01010632,921
S01010633,1025
S01010634,633
S01010635,769
S01010636,750
S01010637,510
S01010638,830
S01010639,1130
S01010640,714
S01010641,1015
S01010642,1023
S01010643,741
S01010644,672
S01010645,491
S01010646,650
S01010647,672
S01010648,606
S01010649,564
S01010650,1134
S01010651,659
S01010652,833
S01010653,577
S01010654,772
S01010655,981
S01010656,594
S01010657,669
S01010658,716
S01010659,656
S01010660,695
S01010661,588
S01010662,798
S01010663,1014
S01010664,867
S01010665,981
S01010666,991
S01010667,666
S01010668,1118
S01010669,604
S01010670,693
S01010671,749
S01010672,635
S01010673,944
S01010674,941
S01010675,677
S01010676,925
S01010677,541
S01010678,678
S01010679,577
S01010680,635
S01010681,1186
S01010682,1042
S01010683,965
S01010684,771
S01010685,580
S01010686,681
S01010687,845
S01010688,670
S01010689,795
S01010690,682
S01010691,767
S01010692,690
S01010693,509
S01010694,572
S01010695,756
S01010696,995
S01010697,1128
S01010698,817
S01010699,589
S01010700,603
S01010701,1030
S01010702,999
S01010703,871
S01010704,615
S01010705,1179
S01010706,768
S01010707,898
S01010708,551
S01010709,732
S01010710,779
S01010711,802
S01010712,710
S01010713,759
S01010714,721
S01010715,727
S01010716,851
S01010717,600
S01010718,1053
S01010719,655
S01010720,985
S01010721,646
S01010722,853
S01010723,919
S01010724,916
S01010725,903
S01010726,925
S01010727,655
S01010728,535
S01010729,719
S01010730,850
S01010731,854
S01010732,768
S01010733,512
S01010734,932
S01010735,627
S01010736,520
S01010737,1160
S01010738,581
S01010739,836
S01010740,487
S01010741,778
S01010742,721
S01010743,702
S01010744,1062
S01010745,545
S01010746,1017
S01010747,825
S01010748,623
S01010749,633
S01010750,603
S01010751,670
S01010752,787
S01010753,1086
S01010754,626
S01010755,603
S01010756,613
S01010757,729
S01010758,794
S01010759,577
S01010760,666
S01010761,549
S01010762,638
S01010763,643
S01010764,604
S01010765,972
S01010766,783
S01010767,653
S01010768,547
S01010769,511
S01010770,745
S01010771,832
S01010772,762
S01010773,749
S01010774,683
S01010775,689
S01010776,532
S01010777,527
S01010778,476
S01010779,706
S01010780,569
S01010781,692
S01010782,602
S01010783,562
S01010784,704
S01010785,663
S01010786,713
S01010787,845
S01010788,595
S01010789,692
S01010790,634
S01010791,828
S01010792,595
S01010793,688
S01010794,617
S01010795,943
S01010796,883
S01010797,785
S01010798,638
S01010799,791
S01010800,670
S01010801,658
S01010802,489
S01010803,562
S01010804,567
S01010805,802
S01010806,863
S01010807,574
S01010808,525
S01010809,742
S01010810,499
S01010811,851
S01010812,438
S01010813,494
S01010814,589
S01010815,429
S01010816,655
S01010817,928
S01010818,998
S01010819,761
S01010820,537
S01010821,603
S01010822,798
S01010823,496
S01010824,757
S01010825,905
S01010826,705
S01010827,577
S01010828,1153
S01010829,898
S01010830,500
S01010831,591
S01010832,643
S01010833,892
S01010834,911
S01010835,631
S01010836,775
S01010837,639
S01010838,815
S01010839,705
S01010840,453
S01010841,719
S01010842,876
S01010843,632
S01010844,642
S01010845,579
S01010846,694
S01010847,579
S01010848,766
S01010849,904
S01010850,921
S01010851,796
S01010852,689
S01010853,806
S01010854,864
S01010855,505
S01010856,811
S01010857,812
S01010858,616
S01010859,744
S01010860,555
S01010861,626
S01010862,529
S01010863,789
S01010864,538
S01010865,688
S01010866,709
S01010867,642
S01010868,813
S01010869,728
S01010870,755
S01010871,851
S01010872,663
S01010873,511
S01010874,764
S01010875,506
S01010876,661
S01010877,904
S01010878,1172
S01010879,766
S01010880,494
S01010881,575
S01010882,466
S01010883,804
S01010884,549
S01010885,715
S01010886,361
S01010887,716
S01010888,749
S01010889,531
S01010890,738
S01010891,446
S01010892,802
S01010893,468
S01010894,663
S01010895,367
S01010896,641
S01010897,745
S01010898,584
S01010899,541
S01010900,610
S01010901,653
S01010902,996
S01010903,754
S01010904,539
S01010905,972
S01010906,1071
S01010907,685
S01010908,576
S01010909,666
S01010910,529
S01010911,515
S01010912,555
S01010913,657
S01010914,619
S01010915,698
S01010916,467
S01010917,564
S01010918,684
S01010919,704
S01010920,602
S01010921,584
S01010922,853
S01010923,853
S01010924,539
S01010925,690
S01010926,770
S01010927,590
S01010928,731
S01010929,628
S01010930,939
S01010931,890
S01010932,715
S01010933,815
S01010934,984
S01010935,655
S01010936,691
S01010937,705
S01010938,805
S01010939,476
S01010940,634
S01010941,823
S01010942,677
S01010943,606
S01010944,574
S01010945,670
S01010946,935
S01010947,543
S01010948,651
S01010949,944
S01010950,859
S01010951,606
S01010952,534
S01010953,543
S01010954,736
S01010955,1013
S01010956,1276
S01010957,546
S01010958,470
S01010959,626
S01010960,1154
S01010961,532
S01010962,548
S01010963,897
S01010964,504
S01010965,529
S01010966,736
S01010967,687
S01010968,743
S01010969,628
S01010970,1054
S01010971,1045
S01010972,840
S01010973,490
S01010974,640
S01010975,490
S01010976,550
S01010977,699
S01010978,783
S01010979,865
S01010980,735
S01010981,695
S01010982,1274
S01010983,728
S01010984,669
S01010985,593
S01010986,571
S01010987,653
S01010988,611
S01010989,1234
S01010990,798
S01010991,2559
S01010992,611
S01010993,589
S01010994,1556
S01010995,648
S01010996,503
S01010997,637
S01010998,691
S01010999,903
S01011000,1149
S01011001,655
S01011002,718
S01011003,705
S01011004,632
S01011005,664
S01011006,1603
S01011007,671
S01011008,744
S01011009,488
S01011010,578
S01011011,802
S01011012,688
S01011013,811
S01011014,825
S01011015,407
S01011016,1624
S01011017,1413
S01011018,832
S01011019,1463
S01011020,718
S01011021,848
S01011022,593
S01011023,770
S01011024,793
S01011025,636
S01011026,527
S01011027,946
S01011028,975
S01011029,625
S01011030,890
S01011031,891
S01011032,792
S01011033,643
S01011034,615
S01011035,621
S01011036,605
S01011037,983
S01011038,1005
S01011039,939
S01011040,721
S01011041,749
S01011042,745
S01011043,717
S01011044,658
S01011045,781
S01011046,871
S01011047,973
S01011048,960
S01011049,655
S01011050,791
S01011051,1012
S01011052,812
S01011053,589
S01011054,537
S01011055,526
S01011056,734
S01011057,598
S01011058,632
S01011059,648
S01011060,860
S01011061,786
S01011062,877
S01011063,1097
S01011064,971
S01011065,717
S01011066,515
S01011067,554
S01011068,568
S01011069,522
S01011070,621
S01011071,820
S01011072,1316
S01011073,665
S01011074,610
S01011075,670
S01011076,662
S01011077,752
S01011078,1536
S01011079,993
S01011080,956
S01011081,760
S01011082,525
S01011083,759
S01011084,783
S01011085,885
S01011086,676
S01011087,543
S01011088,986
S01011089,628
S01011090,840
S01011091,653
S01011092,675
S01011093,1423
S01011094,1018
S01011095,823
S01011096,684
S01011097,743
S01011098,684
S01011099,765
S01011100,452
S01011101,604
S01011102,637
S01011103,567
S01011104,716
S01011105,793
S01011106,972
S01011107,1273
S01011108,545
S01011109,745
S01011110,659
S01011111,824
S01011112,1106
S01011113,935
S01011114,631
S01011115,866
S01011116,594
S01011117,721
S01011118,853
S01011119,876
S01011120,692
S01011121,520
S01011122,580
S01011123,1067
S01011124,639
S01011125,487
S01011126,435
S01011127,505
S01011128,700
S01011129,1007
S01011130,554
S01011131,694
S01011132,910
S01011133,453
S01011134,718
S01011135,736
S01011136,646
S01011137,504
S01011138,632
S01011139,1396
S01011140,513
S01011141,550
S01011142,1354
S01011143,946
S01011144,728
S01011145,683
S01011146,764
S01011147,940
S01011148,799
S01011149,1014
S01011150,899
S01011151,582
S01011152,647
S01011153,852
S01011154,541
S01011155,633
S01011156,527
S01011157,596
S01011158,524
S01011159,550
S01011160,898
S01011161,576
S01011162,515
S01011163,747
S01011164,919
S01011165,724
S01011166,451
S01011167,759
S01011168,899
S01011169,1414
S01011170,952
S01011171,811
S01011172,736
S01011173,562
S01011174,416
S01011175,589
S01011176,576
S01011177,849
S01011178,456
S01011179,567
S01011180,676
S01011181,532
S01011182,490
S01011183,552
S01011184,758
S01011185,645
S01011186,854
S01011187,626
S01011188,930
S01011189,801
S01011190,602
S01011191,549
S01011192,649
S01011193,705
S01011194,736
S01011195,706
S01011196,821
S01011197,880
S01011198,585
S01011199,800
S01011200,694
S01011201,563
S01011202,777
S01011203,773
S01011204,558
S01011205,782
S01011206,679
S01011207,725
S01011208,784
S01011209,620
S01011210,737
S01011211,676
S01011212,516
S01011213,1060
S01011214,950
S01011215,604
S01011216,414
S01011217,789
S01011218,979
S01011219,717
S01011220,845
S01011221,951
S01011222,762
S01011223,752
S01011224,640
S01011225,761
S01011226,998
S01011227,698
S01011228,757
S01011229,530
S01011230,951
S01011231,587
S01011232,973
S01011233,1090
S01011234,1010
S01011235,382
S01011236,501
S01011237,786
S01011238,598
S01011239,718
S01011240,620
S01011241,1071
S01011242,750
S01011243,943
S01011244,680
S01011245,784
S01011246,873
S01011247,829
S01011248,705
S01011249,670
S01011250,1035
S01011251,862
S01011252,759
S01011253,811
S01011254,835
S01011255,791
S01011256,517
S01011257,376
S01011258,554
S01011259,696
S01011260,652
S01011261,813
S01011262,484
S01011263,1284
S01011264,653
S01011265,1049
S01011266,880
S01011267,555
S01011268,346
S01011269,472
S01011270,664
S01011271,766
S01011272,737
S01011273,838
S01011274,846
S01011275,698
S01011276,933
S01011277,568
S01011278,443
S01011279,600
S01011280,554
S01011281,601
S01011282,992
S01011283,701
S01011284,612
S01011285,752
S01011286,752
S01011287,826
S01011288,720
S01011289,888
S01011290,1036
S01011291,775
S01011292,675
S01011293,727
S01011294,859
S01011295,1036
S01011296,542
S01011297,740
S01011298,655
S01011299,528
S01011300,895
S01011301,641
S01011302,803
S01011303,925
S01011304,664
S01011305,802
S01011306,537
S01011307,770
S01011308,489
S01011309,676
S01011310,696
S01011311,795
S01011312,1041
S01011313,690
S01011314,1021
S01011315,404
S01011316,745
S01011317,802
S01011318,949
S01011319,834
S01011320,531
S01011321,619
S01011322,605
S01011323,917
S01011324,449
S01011325,696
S01011326,767
S01011327,622
S01011328,727
S01011329,860
S01011330,730
S01011331,820
S01011332,828
S01011333,750
S01011334,746
S01011335,898
S01011336,599
S01011337,678
S01011338,623
S01011339,566
S01011340,660
S01011341,710
S01011342,700
S01011343,786
S01011344,841
S01011345,754
S01011346,631
S01011347,963
S01011348,902
S01011349,886
S01011350,647
S01011351,664
S01011352,642
S01011353,651
S01011354,703
S01011355,927
S01011356,954
S01011357,760
S01011358,514
S01011359,698
S01011360,753
S01011361,559
S01011362,557
S01011363,860
S01011364,652
S01011365,643
S01011366,488
S01011367,819
S01011368,1009
S01011369,810
S01011370,892
S01011371,945
S01011372,645
S01011373,642
S01011374,674
S01011375,651
S01011376,487
S01011377,1107
S01011378,765
S01011379,1162
S01011380,659
S01011381,639
S01011382,787
S01011383,676
S01011384,794
S01011385,974
S01011386,712
S01011387,791
S01011388,1104
S01011389,745
S01011390,809
S01011391,620
S01011392,676
S01011393,783
S01011394,592
S01011395,670
S01011396,770
S01011397,831
S01011398,741
S01011399,503
S01011400,663
S01011401,620
S01011402,944
S01011403,514
S01011404,927
S01011405,645
S01011406,715
S01011407,1082
S01011408,823
S01011409,871
S01011410,630
S01011411,633
S01011412,823
S01011413,531
S01011414,839
S01011415,861
S01011416,572
S01011417,790
S01011418,544
S01011419,556
S01011420,465
S01011421,663
S01011422,587
S01011423,541
S01011424,560
S01011425,844
S01011426,1586
S01011427,637
S01011428,503
S01011429,1120
S01011430,880
S01011431,1047
S01011432,997
S01011433,894
S01011434,549
S01011435,921
S01011436,688
S01011437,713
S01011438,503
S01011439,847
S01011440,539
S01011441,731
S01011442,691
S01011443,567
S01011444,730
S01011445,563
S01011446,698
S01011447,879
S01011448,868
S01011449,510
S01011450,730
S01011451,1588
S01011452,881
S01011453,703
S01011454,755
S01011455,719
S01011456,761
S01011457,855
S01011458,1257
S01011459,1048
S01011460,729
S01011461,671
S01011462,838
S01011463,1030
S01011464,687
S01011465,511
S01011466,764
S01011467,524
S01011468,929
S01011469,862
S01011470,1058
S01011471,840
S01011472,882
S01011473,714
S01011474,787
S01011475,573
S01011476,476
S01011477,797
S01011478,1023
S01011479,801
S01011480,988
S01011481,918
S01011482,869
S01011483,498
S01011484,821
S01011485,977
S01011486,560
S01011487,1141
S01011488,693
S01011489,746
S01011490,985
S01011491,473
S01011492,679
S01011493,509
S01011494,714
S01011495,811
S01011496,684
S01011497,580
S01011498,680
S01011499,792
S01011500,470
S01011501,571
S01011502,737
S01011503,613
S01011504,873
S01011505,748
S01011506,540
S01011507,627
S01011508,935
S01011509,563
S01011510,1083
S01011511,507
S01011512,859
S01011513,746
S01011514,945
S01011515,485
S01011516,838
S01011517,519
S01011518,662
S01011519,719
S01011520,608
S01011521,948
S01011522,861
S01011523,767
S01011524,824
S01011525,857
S01011526,971
S01011527,646
S01011528,942
S01011529,509
S01011530,903
S01011531,1085
S01011532,687
S01011533,680
S01011534,746
S01011535,965
S01011536,626
S01011537,516
S01011538,636
S01011539,717
S01011540,1079
S01011541,979
S01011542,888
S01011543,777
S01011544,659
S01011545,602
S01011546,681
S01011547,609
S01011548,763
S01011549,771
S01011550,704
S01011551,536
S01011552,662
S01011553,1069
S01011554,806
S01011555,548
S01011556,492
S01011557,710
S01011558,543
S01011559,604
S01011560,716
S01011561,786
S01011562,648
S01011563,717
S01011564,983
S01011565,894
S01011566,880
S01011567,972
S01011568,821
S01011569,950
S01011570,679
S01011571,585
S01011572,599
S01011573,1097
S01011574,765
S01011575,545
S01011576,992
S01011577,643
S01011578,761
S01011579,1055
S01011580,931
S01011581,754
S01011582,1103
S01011583,686
S01011584,682
S01011585,683
S01011586,505
S01011587,601
S01011588,760
S01011589,869
S01011590,684
S01011591,545
S01011592,667
S01011593,708
S01011594,432
S01011595,553
S01011596,945
S01011597,639
S01011598,801
S01011599,797
S01011600,712
S01011601,798
S01011602,822
S01011603,788
S01011604,688
S01011605,844
S01011606,1075
S01011607,526
S01011608,947
S01011609,927
S01011610,824
S01011611,1023
S01011612,747
S01011613,830
S01011614,425
S01011615,723
S01011616,456
S01011617,836
S01011618,612
S01011619,1080
S01011620,1259
S01011621,795
S01011622,675
S01011623,697
S01011624,653
S01011625,510
S01011626,724
S01011627,710
S01011628,986
S01011629,585
S01011630,613
S01011631,647
S01011632,691
S01011633,706
S01011634,562
S01011635,676
S01011636,707
S01011637,675
S01011638,467
S01011639,551
S01011640,656
S01011641,464
S01011642,732
S01011643,828
S01011644,696
S01011645,534
S01011646,649
S01011647,809
S01011648,1094
S01011649,542
S01011650,691
S01011651,893
S01011652,669
S01011653,828
S01011654,989
S01011655,882
S01011656,570
S01011657,494
S01011658,654
S01011659,776
S01011660,847
S01011661,477
S01011662,645
S01011663,894
S01011664,1046
S01011665,803
S01011666,796
S01011667,816
S01011668,995
S01011669,633
S01011670,515
S01011671,668
S01011672,599
S01011673,620
S01011674,1350
S01011675,925
S01011676,641
S01011677,749
S01011678,438
S01011679,657
S01011680,1007
S01011681,809
S01011682,621
S01011683,1475
S01011684,555
S01011685,890
S01011686,765
S01011687,804
S01011688,1289
S01011689,761
S01011690,1113
S01011691,684
S01011692,1058
S01011693,827
S01011694,580
S01011695,1285
S01011696,1132
S01011697,1067
S01011698,914
S01011699,926
S01011700,722
S01011701,1051
S01011702,716
S01011703,912
S01011704,756
S01011705,733
S01011706,998
S01011707,762
S01011708,934
S01011709,1007
S01011710,571
S01011711,630
S01011712,516
S01011713,807
S01011714,537
S01011715,637
S01011716,876
S01011717,662
S01011718,887
S01011719,683
S01011720,469
S01011721,699
S01011722,699
S01011723,1055
S01011724,677
S01011725,639
S01011726,506
S01011727,968
S01011728,907
S01011729,660
S01011730,784
S01011731,860
S01011732,724
S01011733,769
S01011734,727
S01011735,708
S01011736,756
S01011737,682
S01011738,922
S01011739,616
S01011740,818
S01011741,605
S01011742,725
S01011743,711
S01011744,696
S01011745,711
S01011746,517
S01011747,932
S01011748,854
S01011749,777
S01011750,812
S01011751,782
S01011752,920
S01011753,844
S01011754,699
S01011755,912
S01011756,869
S01011757,684
S01011758,596
S01011759,776
S01011760,857
S01011761,741
S01011762,665
S01011763,736
S01011764,345
S01011765,904
S01011766,536
S01011767,839
S01011768,855
S01011769,513
S01011770,852
S01011771,602
S01011772,1055
S01011773,559
S01011774,919
S01011775,663
S01011776,1190
S01011777,660
S01011778,678
S01011779,793
S01011780,891
S01011781,554
S01011782,640
S01011783,536
S01011784,727
S01011785,803
S01011786,484
S01011787,961
S01011788,684
S01011789,1453
S01011790,1194
S01011791,706
S01011792,889
S01011793,1168
S01011794,836
S01011795,637
S01011796,742
S01011797,981
S01011798,544
S01011799,855
S01011800,492
S01011801,536
S01011802,693
S01011803,598
S01011804,727
S01011805,553
S01011806,829
S01011807,1070
S01011808,720
S01011809,696
S01011810,1036
S01011811,1113
S01011812,665
S01011813,816
S01011814,760
S01011815,895
S01011816,826
S01011817,1034
S01011818,1022
S01011819,734
S01011820,920
S01011821,411
S01011822,638
S01011823,627
S01011824,623
S01011825,512
S01011826,606
S01011827,516
S01011828,981
S01011829,457
S01011830,560
S01011831,845
S01011832,808
S01011833,1014
S01011834,577
S01011835,926
S01011836,851
S01011837,712
S01011838,893
S01011839,974
S01011840,1114
S01011841,990
S01011842,935
S01011843,1142
S01011844,850
S01011845,821
S01011846,929
S01011847,488
S01011848,664
S01011849,972
S01011850,1162
S01011851,886
S01011852,998
S01011853,804
S01011854,820
S01011855,826
S01011856,709
S01011857,724
S01011858,906
S01011859,854
S01011860,609
S01011861,740
S01011862,992
S01011863,845
S01011864,705
S01011865,554
S01011866,801
S01011867,978
S01011868,881
S01011869,766
S01011870,667
S01011871,1518
S01011872,993
S01011873,739
S01011874,642
S01011875,686
S01011876,989
S01011877,568
S01011878,1739
S01011879,571
S01011880,615
S01011881,936
S01011882,937
S01011883,1389
S01011884,439
S01011885,735
S01011886,863
S01011887,572
S01011888,861
S01011889,923
S01011890,683
S01011891,1091
S01011892,988
S01011893,974
S01011894,595
S01011895,669
S01011896,865
S01011897,1019
S01011898,653
S01011899,740
S01011900,759
S01011901,893
S01011902,1047
S01011903,786
S01011904,824
S01011905,743
S01011906,416
S01011907,744
S01011908,369
S01011909,1109
S01011910,742
S01011911,662
S01011912,721
S01011913,713
S01011914,836
S01011915,828
S01011916,576
S01011917,497
S01011918,817
S01011919,971
S01011920,603
S01011921,632
S01011922,769
S01011923,920
S01011924,420
S01011925,801
S01011926,606
S01011927,632
S01011928,678
S01011929,702
S01011930,649
S01011931,832
S01011932,682
S01011933,622
S01011934,1091
S01011935,810
S01011936,789
S01011937,703
S01011938,653
S01011939,697
S01011940,516
S01011941,761
S01011942,888
S01011943,1129
S01011944,480
S01011945,765
S01011946,740
S01011947,486
S01011948,1232
S01011949,782
S01011950,771
S01011951,627
S01011952,583
S01011953,863
S01011954,486
S01011955,962
S01011956,973
S01011957,998
S01011958,1201
S01011959,879
S01011960,1091
S01011961,817
S01011962,759
S01011963,656
S01011964,1030
S01011965,806
S01011966,846
S01011967,1182
S01011968,985
S01011969,986
S01011970,918
S01011971,608
S01011972,1156
S01011973,623
S01011974,962
S01011975,455
S01011976,739
S01011977,1122
S01011978,772
S01011979,1029
S01011980,464
S01011981,916
S01011982,940
S01011983,746
S01011984,681
S01011985,656
S01011986,625
S01011987,1002
S01011988,641
S01011989,825
S01011990,935
S01011991,690
S01011992,899
S01011993,810
S01011994,853
S01011995,823
S01011996,548
S01011997,901
S01011998,591
S01011999,641
S01012000,438
S01012001,668
S01012002,619
S01012003,532
S01012004,928
S01012005,869
S01012006,1284
S01012007,749
S01012008,1146
S01012009,711
S01012010,1321
S01012011,1159
S01012012,697
S01012013,772
S01012014,857
S01012015,978
S01012016,765
S01012017,510
S01012018,831
S01012019,794
S01012020,736
S01012021,538
S01012022,630
S01012023,562
S01012024,890
S01012025,674
S01012026,672
S01012027,1069
S01012028,884
S01012029,1925
S01012030,1956
S01012031,569
S01012032,360
S01012033,796
S01012034,781
S01012035,866
S01012036,794
S01012037,1136
S01012038,868
S01012039,984
S01012040,693
S01012041,869
S01012042,966
S01012043,877
S01012044,906
S01012045,1037
S01012046,679
S01012047,800
S01012048,761
S01012049,662
S01012050,918
S01012051,456
S01012052,796
S01012053,658
S01012054,673
S01012055,786
S01012056,788
S01012057,744
S01012058,676
S01012059,833
S01012060,770
S01012061,921
S01012062,1228
S01012063,543
S01012064,651
S01012065,684
S01012066,876
S01012067,530
S01012068,480
S01012069,432
S01012070,727
S01012071,1048
S01012072,1066
S01012073,743
S01012074,712
S01012075,654
S01012076,621
S01012077,722
S01012078,1085
S01012079,893
S01012080,851
S01012081,726
S01012082,565
S01012083,716
S01012084,552
S01012085,648
S01012086,918
S01012087,728
S01012088,729
S01012089,795
S01012090,859
S01012091,508
S01012092,494
S01012093,517
S01012094,783
S01012095,1051
S01012096,826
S01012097,741
S01012098,602
S01012099,839
S01012100,1044
S01012101,748
S01012102,642
S01012103,878
S01012104,862
S01012105,1070
S01012106,1053
S01012107,628
S01012108,899
S01012109,982
S01012110,780
S01012111,668
S01012112,702
S01012113,942
S01012114,935
S01012115,515
S01012116,579
S01012117,1319
S01012118,635
S01012119,873
S01012120,535
S01012121,1077
S01012122,743
S01012123,480
S01012124,492
S01012125,732
S01012126,761
S01012127,1313
S01012128,522
S01012129,655
S01012130,1019
S01012131,1070
S01012132,767
S01012133,775
S01012134,1178
S01012135,845
S01012136,869
S01012137,793
S01012138,950
S01012139,921
S01012140,494
S01012141,961
S01012142,942
S01012143,877
S01012144,990
S01012145,995
S01012146,965
S01012147,714
S01012148,694
S01012149,891
S01012150,838
S01012151,689
S01012152,732
S01012153,531
S01012154,774
S01012155,509
S01012156,1023
S01012157,1068
S01012158,1187
S01012159,462
S01012160,663
S01012161,431
S01012162,1148
S01012163,758
S01012164,1134
S01012165,918
S01012166,575
S01012167,776
S01012168,814
S01012169,873
S01012170,960
S01012171,934
S01012172,689
S01012173,717
S01012174,851
S01012175,753
S01012176,741
S01012177,591
S01012178,494
S01012179,578
S01012180,557
S01012181,764
S01012182,2284
S01012183,1032
S01012184,809
S01012185,725
S01012186,704
S01012187,620
S01012188,555
S01012189,632
S01012190,557
S01012191,775
S01012192,497
S01012193,523
S01012194,552
S01012195,1108
S01012196,503
S01012197,703
S01012198,866
S01012199,702
S01012200,627
S01012201,744
S01012202,595
S01012203,748
S01012204,720
S01012205,638
S01012206,816
S01012207,900
S01012208,1013
S01012209,739
S01012210,736
S01012211,840
S01012212,721
S01012213,764
S01012214,691
S01012215,749
S01012216,667
S01012217,565
S01012218,539
S01012219,841
S01012220,627
S01012221,613
S01012222,888
S01012223,705
S01012224,783
S01012225,1050
S01012226,709
S01012227,603
S01012228,701
S01012229,660
S01012230,917
S01012231,786
S01012232,835
S01012233,899
S01012234,1097
S01012235,543
S01012236,684
S01012237,744
S01012238,555
S01012239,586
S01012240,820
S01012241,562
S01012242,808
S01012243,653
S01012244,1002
S01012245,781
S01012246,985
S01012247,852
S01012248,803
S01012249,839
S01012250,914
S01012251,921
S01012252,651
S01012253,869
S01012254,866
S01012255,925
S01012256,1022
S01012257,890
S01012258,737
S01012259,691
S01012260,963
S01012261,896
S01012262,977
S01012263,695
S01012264,461
S01012265,761
S01012266,1166
S01012267,753
S01012268,612
S01012269,948
S01012270,780
S01012271,1643
S01012272,711
S01012273,906
S01012274,871
S01012275,781
S01012276,958
S01012277,1057
S01012278,684
S01012279,736
S01012280,949
S01012281,683
S01012282,1053
S01012283,890
S01012284,785
S01012285,514
S01012286,1020
S01012287,865
S01012288,757
S01012289,888
S01012290,578
S01012291,1132
S01012292,754
S01012293,450
S01012294,793
S01012295,779
S01012296,948
S01012297,614
S01012298,842
S01012299,628
S01012300,629
S01012301,886
S01012302,597
S01012303,981
S01012304,1069
S01012305,779
S01012306,559
S01012307,591
S01012308,827
S01012309,607
S01012310,881
S01012311,514
S01012312,975
S01012313,736
S01012314,802
S01012315,692
S01012316,604
S01012317,688
S01012318,771
S01012319,718
S01012320,584
S01012321,860
S01012322,991
S01012323,853
S01012324,880
S01012325,563
S01012326,525
S01012327,783
S01012328,611
S01012329,841
S01012330,554
S01012331,719
S01012332,953
S01012333,1013
S01012334,918
S01012335,934
S01012336,627
S01012337,799
S01012338,686
S01012339,589
S01012340,1077
S01012341,925
S01012342,1047
S01012343,979
S01012344,650
S01012345,681
S01012346,863
S01012347,765
S01012348,695
S01012349,833
S01012350,750
S01012351,833
S01012352,741
S01012353,725
S01012354,777
S01012355,908
S01012356,695
S01012357,905
S01012358,768
S01012359,760
S01012360,760
S01012361,621
S01012362,872
S01012363,1063
S01012364,631
S01012365,833
S01012366,767
S01012367,899
S01012368,601
S01012369,823
S01012370,994
S01012371,916
S01012372,673
S01012373,960
S01012374,873
S01012375,843
S01012376,1017
S01012377,643
S01012378,576
S01012379,500
S01012380,871
S01012381,782
S01012382,919
S01012383,830
S01012384,485
S01012385,677
S01012386,996
S01012387,910
S01012388,732
S01012389,951
S01012390,787
S01012391,1112
S01012392,811
S01012393,817
S01012394,664
S01012395,568
S01012396,600
S01012397,799
S01012398,806
S01012399,592
S01012400,535
S01012401,719
S01012402,666
S01012403,1025
S01012404,937
S01012405,797
S01012406,661
S01012407,882
S01012408,659
S01012409,686
S01012410,1105
S01012411,868
S01012412,648
S01012413,939
S01012414,700
S01012415,598
S01012416,506
S01012417,631
S01012418,749
S01012419,793
S01012420,787
S01012421,732
S01012422,865
S01012423,803
S01012424,913
S01012425,593
S01012426,474
S01012427,608
S01012428,683
S01012429,573
S01012430,574
S01012431,894
S01012432,683
S01012433,494
S01012434,673
S01012435,624
S01012436,705
S01012437,692
S01012438,744
S01012439,761
S01012440,479
S01012441,818
S01012442,1251
S01012443,745
S01012444,993
S01012445,575
S01012446,478
S01012447,791
S01012448,959
S01012449,594
S01012450,940
S01012451,965
S01012452,566
S01012453,807
S01012454,613
S01012455,657
S01012456,793
S01012457,799
S01012458,806
S01012459,703
S01012460,517
S01012461,532
S01012462,670
S01012463,538
S01012464,594
S01012465,636
S01012466,775
S01012467,642
S01012468,761
S01012469,748
S01012470,925
S01012471,847
S01012472,698
S01012473,513
S01012474,709
S01012475,660
S01012476,974
S01012477,655
S01012478,850
S01012479,616
S01012480,589
S01012481,818
S01012482,759
S01012483,802
S01012484,806
S01012485,908
S01012486,668
S01012487,591
S01012488,860
S01012489,973
S01012490,904
S01012491,492
S01012492,738
S01012493,624
S01012494,1004
S01012495,1007
S01012496,793
S01012497,489
S01012498,843
S01012499,837
S01012500,523
S01012501,571
S01012502,806
S01012503,588
S01012504,650
S01012505,1054
S01012506,463
S01012507,901
S01012508,729
S01012509,549
S01012510,964
S01012511,583
S01012512,673
S01012513,560
S01012514,955
S01012515,610
S01012516,621
S01012517,1041
S01012518,531
S01012519,518
S01012520,766
S01012521,547
S01012522,824
S01012523,853
S01012524,911
S01012525,756
S01012526,734
S01012527,593
S01012528,806
S01012529,704
S01012530,886
S01012531,926
S01012532,1012
S01012533,537
S01012534,686
S01012535,776
S01012536,698
S01012537,717
S01012538,1208
S01012539,710
S01012540,708
S01012541,1105
S01012542,1044
S01012543,699
S01012544,878
S01012545,465
S01012546,828
S01012547,702
S01012548,1216
S01012549,566
S01012550,785
S01012551,747
S01012552,843
S01012553,917
S01012554,443
S01012555,509
S01012556,507
S01012557,619
S01012558,546
S01012559,733
S01012560,573
S01012561,739
S01012562,729
S01012563,728
S01012564,816
S01012565,789
S01012566,707
S01012567,1039
S01012568,594
S01012569,821
S01012570,387
S01012571,687
S01012572,487
S01012573,862
S01012574,918
S01012575,666
S01012576,797
S01012577,959
S01012578,994
S01012579,752
S01012580,774
S01012581,644
S01012582,903
S01012583,668
S01012584,708
S01012585,826
S01012586,1007
S01012587,866
S01012588,620
S01012589,656
S01012590,783
S01012591,746
S01012592,636
S01012593,785
S01012594,440
S01012595,618
S01012596,743
S01012597,508
S01012598,705
S01012599,636
S01012600,659
S01012601,874
S01012602,647
S01012603,629
S01012604,612
S01012605,509
S01012606,860
S01012607,687
S01012608,767
S01012609,822
S01012610,954
S01012611,1014
S01012612,674
S01012613,648
S01012614,980
S01012615,664
S01012616,941
S01012617,427
S01012618,509
S01012619,592
S01012620,709
S01012621,585
S01012622,764
S01012623,608
S01012624,651
S01012625,476
S01012626,464
S01012627,525
S01012628,1197
S01012629,529
S01012630,782
S01012631,861
S01012632,742
S01012633,731
S01012634,664
S01012635,1190
S01012636,646
S01012637,739
S01012638,831
S01012639,827
S01012640,807
S01012641,1063
S01012642,815
S01012643,497
S01012644,671
S01012645,826
S01012646,999
S01012647,931
S01012648,529
S01012649,588
S01012650,663
S01012651,608
S01012652,963
S01012653,962
S01012654,719
S01012655,1144
S01012656,796
S01012657,537
S01012658,897
S01012659,1067
S01012660,720
S01012661,744
S01012662,729
S01012663,650
S01012664,971
S01012665,778
S01012666,632
S01012667,553
S01012668,740
S01012669,671
S01012670,645
S01012671,849
S01012672,821
S01012673,591
S01012674,581
S01012675,734
S01012676,789
S01012677,623
S01012678,734
S01012679,751
S01012680,554
S01012681,807
S01012682,761
S01012683,724
S01012684,514
S01012685,712
S01012686,988
S01012687,547
S01012688,824
S01012689,499
S01012690,524
S01012691,736
S01012692,745
S01012693,859
S01012694,438
S01012695,869
S01012696,875
S01012697,617
S01012698,728
S01012699,1075
S01012700,838
S01012701,900
S01012702,1043
S01012703,613
S01012704,778
S01012705,671
S01012706,664
S01012707,838
S01012708,699
S01012709,494
S01012710,689
S01012711,915
S01012712,802
S01012713,702
S01012714,594
S01012715,702
S01012716,813
S01012717,944
S01012718,990
S01012719,985
S01012720,517
S01012721,613
S01012722,716
S01012723,632
S01012724,772
S01012725,921
S01012726,625
S01012727,716
S01012728,762
S01012729,800
S01012730,556
S01012731,774
S01012732,650
S01012733,1122
S01012734,643
S01012735,459
S01012736,926
S01012737,811
S01012738,584
S01012739,913
S01012740,1004
S01012741,511
S01012742,659
S01012743,529
S01012744,625
S01012745,1000
S01012746,752
S01012747,855
S01012748,796
S01012749,926
S01012750,827
S01012751,798
S01012752,832
S01012753,503
S01012754,562
S01012755,553
S01012756,468
S01012757,444
S01012758,548
S01012759,715
S01012760,1016
S01012761,685
S01012762,654
S01012763,372
S01012764,738
S01012765,710
S01012766,875
S01012767,549
S01012768,660
S01012769,452
S01012770,839
S01012771,641
S01012772,648
S01012773,841
S01012774,929
S01012775,420
S01012776,738
S01012777,975
S01012778,742
S01012779,455
S01012780,705
S01012781,647
S01012782,609
S01012783,658
S01012784,724
S01012785,680
S01012786,630
S01012787,565
S01012788,626
S01012789,684
S01012790,830
S01012791,712
S01012792,962
S01012793,742
S01012794,605
S01012795,1018
S01012796,810
S01012797,753
S01012798,725
S01012799,782
S01012800,878
S01012801,430
S01012802,552
S01012803,604
S01012804,753
S01012805,904
S01012806,834
S01012807,654
S01012808,1811
S01012809,660
S01012810,924
S01012811,982
S01012812,626
S01012813,837
S01012814,852
S01012815,863
S01012816,582
S01012817,578
S01012818,799
S01012819,724
S01012820,2509
S01012821,791
S01012822,557
S01012823,913
S01012824,613
S01012825,439
S01012826,591
S01012827,723
S01012828,921
S01012829,775
S01012830,717
S01012831,605
S01012832,570
S01012833,743
S01012834,654
S01012835,870
S01012836,732
S01012837,696
S01012838,941
S01012839,602
S01012840,888
S01012841,551
S01012842,416
S01012843,950
S01012844,666
S01012845,780
S01012846,904
S01012847,540
S01012848,708
S01012849,652
S01012850,753
S01012851,795
S01012852,683
S01012853,749
S01012854,769
S01012855,585
S01012856,747
S01012857,867
S01012858,680
S01012859,1075
S01012860,1002
S01012861,625
S01012862,561
S01012863,680
S01012864,719
S01012865,735
S01012866,745
S01012867,673
S01012868,584
S01012869,586
S01012870,886
S01012871,790
S01012872,703
S01012873,735
S01012874,712
S01012875,562
S01012876,735
S01012877,662
S01012878,1219
S01012879,683
S01012880,872
S01012881,937
S01012882,586
S01012883,602
S01012884,482
S01012885,447
S01012886,723
S01012887,720
S01012888,822
S01012889,1096
S01012890,818
S01012891,568
S01012892,1231
S01012893,778
S01012894,2107
S01012895,551
S01012896,786
S01012897,571
S01012898,573
S01012899,493
S01012900,1037
S01012901,668
S01012902,704
S01012903,782
S01012904,773
S01012905,610
S01012906,837
S01012907,820
S01012908,683
S01012909,565
S01012910,872
S01012911,708
S01012912,705
S01012913,798
S01012914,894
S01012915,1004
S01012916,644
S01012917,682
S01012918,481
S01012919,462
S01012920,573
S01012921,669
S01012922,1304
S01012923,679
S01012924,518
S01012925,488
S01012926,671
S01012927,704
S01012928,844
S01012929,702
S01012930,832
S01012931,915
S01012932,542
S01012933,732
S01012934,747
S01012935,851
S01012936,823
S01012937,673
S01012938,664
S01012939,624
S01012940,672
S01012941,742
S01012942,737
S01012943,747
S01012944,521
S01012945,758
S01012946,832
S01012947,429
S01012948,647
S01012949,622
S01012950,821
S01012951,1285
S01012952,744
S01012953,606
S01012954,453
S01012955,1080
S01012956,1076
S01012957,625
S01012958,528
S01012959,542
S01012960,527
S01012961,477
S01012962,608
S01012963,819
S01012964,633
S01012965,826
S01012966,1288
S01012967,472
S01012968,644
S01012969,727
S01012970,542
S01012971,753
S01012972,800
S01012973,806
S01012974,1244
S01012975,575
S01012976,493
S01012977,652
S01012978,767
S01012979,662
S01012980,618
S01012981,694
S01012982,727
S01012983,720
S01012984,624
S01012985,764
S01012986,858
S01012987,753
S01012988,893
S01012989,981
S01012990,554
S01012991,782
S01012992,738
S01012993,699
S01012994,836
S01012995,718
S01012996,590
S01012997,452
S01012998,992
S01012999,463
S01013000,667
S01013001,381
S01013002,536
S01013003,675
S01013004,656
S01013005,734
S01013006,675
S01013007,923
S01013008,787
S01013009,588
S01013010,644
S01013011,712
S01013012,779
S01013013,875
S01013014,787
S01013015,821
S01013016,627
S01013017,867
S01013018,932
S01013019,949
S01013020,472
S01013021,461
S01013022,535
S01013023,834
S01013024,550
S01013025,624
S01013026,993
S01013027,981
S01013028,475
S01013029,640
S01013030,626
S01013031,626
S01013032,850
S01013033,782
S01013034,647
S01013035,680
S01013036,757
S01013037,748
S01013038,933
S01013039,536
S01013040,628
S01013041,552
S01013042,765
S01013043,728
S01013044,825
S01013045,703
S01013046,479
S01013047,909
S01013048,740
S01013049,772
S01013050,712
S01013051,851
S01013052,723
S01013053,579
S01013054,638
S01013055,750
S01013056,1072
S01013057,941
S01013058,668
S01013059,1034
S01013060,530
S01013061,873
S01013062,910
S01013063,810
S01013064,846
S01013065,849
S01013066,746
S01013067,872
S01013068,713
S01013069,787
S01013070,734
S01013071,985
S01013072,550
S01013073,1112
S01013074,775
S01013075,829
S01013076,732
S01013077,661
S01013078,592
S01013079,1177
S01013080,890
S01013081,1085
S01013082,833
S01013083,1923
S01013084,748
S01013085,848
S01013086,1006
S01013087,989
S01013088,975
S01013089,776
S01013090,782
S01013091,694
S01013092,924
S01013093,554
S01013094,641
S01013095,896
S01013096,727
S01013097,916
S01013098,771
S01013099,989
S01013100,715
S01013101,1036
S01013102,634
S01013103,973
S01013104,976
S01013105,918
S01013106,766
S01013107,1102
S01013108,762
S01013109,1169
S01013110,701
S01013111,409
S01013112,607
S01013113,832
S01013114,870
S01013115,630
S01013116,801
S01013117,611
S01013118,498
S01013119,729
S01013120,1052
S01013121,392
S01013122,311
S01013123,692
S01013124,685
S01013125,764
S01013126,784
S01013127,841
S01013128,585
S01013129,1096
S01013130,615
S01013131,633
S01013132,536
S01013133,1068
S01013134,821
S01013135,782
S01013136,883
S01013137,708
S01013138,692
S01013139,899
S01013140,775
S01013141,931
S01013142,812
S01013143,788
S01013144,873
S01013145,721
S01013146,463
S01013147,690
S01013148,745
S01013149,807
S01013150,789
S01013151,554
S01013152,922
S01013153,865
S01013154,909
S01013155,859
S01013156,748
S01013157,944
S01013158,626
S01013159,616
S01013160,696
S01013161,1009
S01013162,788
S01013163,655
S01013164,1009
S01013165,842
S01013166,634
S01013167,646
S01013168,948
S01013169,873
S01013170,525
S01013171,611
S01013172,686
S01013173,768
S01013174,758
S01013175,777
S01013176,720
S01013177,597
S01013178,781
S01013179,826
S01013180,386
S01013181,679
S01013182,735
S01013183,831
S01013184,511
S01013185,765
S01013186,732
S01013187,851
S01013188,832
S01013189,592
S01013190,709
S01013191,1325
S01013192,990
S01013193,718
S01013194,529
S01013195,992
S01013196,595
S01013197,534
S01013198,1327
S01013199,965
S01013200,738
S01013201,822
S01013202,439
S01013203,648
S01013204,767
S01013205,561
S01013206,577
S01013207,957
S01013208,914
S01013209,800
S01013210,542
S01013211,811
S01013212,528
S01013213,542
S01013214,418
S01013215,1001
S01013216,533
S01013217,628
S01013218,589
S01013219,481
S01013220,666
S01013221,855
S01013222,625
S01013223,1245
S01013224,757
S01013225,802
S01013226,483
S01013227,841
S01013228,732
S01013229,717
S01013230,661
S01013231,689
S01013232,669
S01013233,562
S01013234,399
S01013235,730
S01013236,831
S01013237,778
S01013238,870
S01013239,859
S01013240,575
S01013241,780
S01013242,609
S01013243,718
S01013244,749
S01013245,985
S01013246,515
S01013247,801
S01013248,592
S01013249,444
S01013250,884
S01013251,738
S01013252,622
S01013253,724
S01013254,636
S01013255,1253
S01013256,843
S01013257,744
S01013258,743
S01013259,822
S01013260,866
S01013261,820
S01013262,615
S01013263,559
S01013264,521
S01013265,668
S01013266,557
S01013267,580
S01013268,813
S01013269,1021
S01013270,854
S01013271,587
S01013272,766
S01013273,950
S01013274,762
S01013275,771
S01013276,625
S01013277,891
S01013278,866
S01013279,742
S01013280,610
S01013281,837
S01013282,771
S01013283,698
S01013284,663
S01013285,644
S01013286,621
S01013287,768
S01013288,655
S01013289,1006
S01013290,870
S01013291,722
S01013292,918
S01013293,640
S01013294,763
S01013295,690
S01013296,705
S01013297,662
S01013298,1355
S01013299,1062
S01013300,605
S01013301,482
S01013302,591
S01013303,896
S01013304,944
S01013305,933
S01013306,1044
S01013307,1056
S01013308,1088
S01013309,615
S01013310,631
S01013311,840
S01013312,1096
S01013313,689
S01013314,714
S01013315,768
S01013316,636
S01013317,533
S01013318,617
S01013319,572
S01013320,1021
S01013321,422
S01013322,784
S01013323,881
S01013324,647
S01013325,1051
S01013326,515
S01013327,726
S01013328,636
S01013329,568
S01013330,1081
S01013331,653
S01013332,672
S01013333,800
S01013334,798
S01013335,854
S01013336,821
S01013337,884
S01013338,590
S01013339,531
S01013340,756
S01013341,995
S01013342,561
S01013343,679
S01013344,770
S01013345,750
S01013346,885
S01013347,673
S01013348,631
S01013349,872
S01013350,671
S01013351,732
S01013352,847
S01013353,638
S01013354,707
S01013355,627
S01013356,866
S01013357,914
S01013358,866
S01013359,614
S01013360,688
S01013361,562
S01013362,478
S01013363,787
S01013364,904
S01013365,755
S01013366,840
S01013367,548
S01013368,796
S01013369,868
S01013370,677
S01013371,660
S01013372,1029
S01013373,949
S01013374,1019
S01013375,529
S01013376,585
S01013377,747
S01013378,898
S01013379,769
S01013380,1480
S01013381,486
S01013382,580
S01013383,684
S01013384,757
S01013385,486
S01013386,836
S01013387,597
S01013388,744
S01013389,735
S01013390,438
S01013391,412
S01013392,806
S01013393,694
S01013394,672
S01013395,709
S01013396,743
S01013397,883
S01013398,629
S01013399,1196
S01013400,752
S01013401,3260
S01013402,1215
S01013403,939
S01013404,607
S01013405,648
S01013406,626
S01013407,505
S01013408,663
S01013409,1119
S01013410,755
S01013411,731
S01013412,762
S01013413,761
S01013414,992
S01013415,658
S01013416,598
S01013417,812
S01013418,662
S01013419,445
S01013420,544
S01013421,840
S01013422,710
S01013423,815
S01013424,469
S01013425,441
S01013426,796
S01013427,489
S01013428,945
S01013429,738
S01013430,678
S01013431,658
S01013432,773
S01013433,796
S01013434,563
S01013435,627
S01013436,841
S01013437,625
S01013438,598
S01013439,883
S01013440,1004
S01013441,758
S01013442,767
S01013443,707
S01013444,881
S01013445,736
S01013446,681
S01013447,654
S01013448,786
S01013449,608
S01013450,563
S01013451,787
S01013452,793
S01013453,747
S01013454,775
S01013455,1034
S01013456,709
S01013457,934
S01013458,1081
S01013459,855
S01013460,809
S01013461,1156
S01013462,830
S01013463,639
S01013464,670
S01013465,637
S01013466,338
S01013467,948
S01013468,721
S01013469,720
S01013470,722
S01013471,939
S01013472,772
S01013473,714
S01013474,655
S01013475,614
S01013476,573
S01013477,612
S01013478,817
S01013479,785
S01013480,677
S01013481,462
